timestamp_sec,avg_ear,left_ear,right_ear,is_blinking_frame,closed_frame_counter,blink_count_total,blink_rate_bps,left_pupil_diameter,right_pupil_diameter,head_pitch,head_yaw,head_roll,nose_z
0.054,0.2697,0.2284,0.3111,0,0,0,0.0000,36.5966,33.8587,6.10,27.01,178.41,-0.0474
0.071,0.2394,0.2123,0.2665,0,0,0,0.0000,38.7847,32.2871,9.18,44.08,-6.13,-0.0441
0.092,0.2554,0.2154,0.2955,0,0,0,0.0000,37.1731,33.2807,11.08,29.12,175.22,-0.0442
0.115,0.2421,0.2128,0.2714,0,0,0,0.0000,37.6515,31.9885,10.77,28.39,174.87,-0.0442
0.158,0.2467,0.2124,0.2810,0,0,0,0.0000,37.8924,32.2696,10.65,28.67,174.63,-0.0441
0.191,0.2437,0.2195,0.2680,0,0,0,0.0000,35.7993,33.3752,10.99,28.33,174.80,-0.0439
0.242,0.2466,0.2137,0.2794,0,0,0,0.0000,35.9068,33.2356,11.13,27.96,174.73,-0.0438
0.298,0.2593,0.2173,0.3013,0,0,0,0.0000,35.5894,32.6711,10.83,28.12,174.67,-0.0439
0.332,0.2623,0.2138,0.3107,0,0,0,0.0000,35.5634,32.6106,11.06,28.51,174.75,-0.0434
0.367,0.2492,0.2180,0.2803,0,0,0,0.0000,35.7256,31.3153,11.34,28.31,174.99,-0.0438
0.394,0.2622,0.2251,0.2993,0,0,0,0.0000,36.2954,31.4226,11.59,29.09,174.72,-0.0431
0.423,0.2712,0.2278,0.3145,0,0,0,0.0000,35.9434,32.1835,11.30,29.05,174.63,-0.0433
0.458,0.2693,0.2269,0.3117,0,0,0,0.0000,35.5394,31.5581,11.47,29.42,174.56,-0.0429
0.477,0.2764,0.2311,0.3216,0,0,0,0.0000,37.3288,32.6058,11.50,29.13,174.71,-0.0431
0.509,0.2592,0.2114,0.3071,0,0,0,0.0000,35.6416,31.2883,11.73,29.27,174.76,-0.0430
0.533,0.2665,0.2154,0.3175,0,0,0,0.0000,35.7111,29.6317,11.77,29.24,174.63,-0.0429
0.567,0.2685,0.2221,0.3149,0,0,0,0.0000,35.6949,30.3254,12.90,29.61,174.33,-0.0423
0.591,0.2648,0.2136,0.3160,0,0,0,0.0000,35.8818,28.8891,13.24,29.49,173.85,-0.0423
0.613,0.2643,0.2189,0.3096,0,0,0,0.0000,34.8921,29.6941,13.39,29.82,173.60,-0.0422
0.629,0.2532,0.2173,0.2891,0,0,0,0.0000,34.8520,29.5404,13.21,30.38,173.42,-0.0420
0.654,0.2671,0.2364,0.2978,0,0,0,0.0000,35.3957,30.6807,13.40,30.53,173.40,-0.0415
0.675,0.2551,0.2206,0.2895,0,0,0,0.0000,35.7993,30.9113,14.51,30.49,173.64,-0.0414
0.702,0.2725,0.2299,0.3152,0,0,0,0.0000,35.0209,31.2175,14.48,31.26,173.32,-0.0412
0.721,0.2682,0.2304,0.3061,0,0,0,0.0000,35.6117,31.5599,14.41,31.34,173.13,-0.0414
0.742,0.2659,0.2349,0.2969,0,0,0,0.0000,35.8895,31.9524,13.54,31.50,173.04,-0.0420
0.757,0.2733,0.2481,0.2984,0,0,0,0.0000,37.7793,29.6416,12.73,31.08,172.79,-0.0419
0.777,0.2656,0.2468,0.2844,0,0,0,0.0000,35.8972,28.8748,13.17,30.71,173.16,-0.0424
0.799,0.2699,0.2502,0.2895,0,0,0,0.0000,37.4714,28.9258,12.45,30.81,172.69,-0.0422
0.818,0.2654,0.2505,0.2804,0,0,0,0.0000,35.2937,29.8029,13.06,29.87,172.94,-0.0429
0.841,0.2636,0.2440,0.2833,0,0,0,0.0000,36.3074,30.3776,12.24,30.13,172.61,-0.0426
0.861,0.2526,0.2404,0.2647,0,0,0,0.0000,37.7633,30.6800,12.36,30.09,172.70,-0.0426
0.881,0.2524,0.2464,0.2585,0,0,0,0.0000,38.0302,30.6462,12.85,29.73,172.94,-0.0425
0.901,0.2599,0.2469,0.2728,0,0,0,0.0000,37.0364,30.8273,13.15,29.60,173.01,-0.0427
0.921,0.2669,0.2428,0.2910,0,0,0,0.0000,38.2554,30.3516,13.07,29.95,173.08,-0.0425
0.942,0.2570,0.2386,0.2753,0,0,0,0.0000,38.1000,30.8913,12.66,29.71,173.06,-0.0423
0.962,0.2575,0.2456,0.2693,0,0,0,0.0000,36.9157,29.7332,12.45,29.77,173.06,-0.0427
0.977,0.2645,0.2406,0.2884,0,0,0,0.0000,36.0092,31.0910,12.73,29.15,173.07,-0.0430
0.998,0.2545,0.2337,0.2754,0,0,0,0.0000,36.5119,29.6746,12.46,28.84,172.91,-0.0432
1.021,0.2606,0.2346,0.2866,0,0,0,0.0000,37.1048,30.0670,12.99,28.66,173.19,-0.0433
1.037,0.2555,0.2323,0.2787,0,0,0,0.0000,35.3243,30.5982,13.17,28.39,173.28,-0.0433
1.058,0.2506,0.2291,0.2721,0,0,0,0.0000,35.9442,30.2757,12.99,27.91,173.38,-0.0437
1.077,0.2498,0.2302,0.2694,0,0,0,0.0000,36.1321,30.9005,13.26,27.49,173.57,-0.0436
1.097,0.2459,0.2270,0.2649,0,0,0,0.0000,35.8396,31.3012,12.89,27.39,174.06,-0.0442
1.117,0.2438,0.2267,0.2610,0,0,0,0.0000,36.3425,31.0661,12.90,27.35,174.31,-0.0440
1.137,0.2446,0.2302,0.2590,0,0,0,0.0000,35.5204,31.6321,13.33,27.02,174.26,-0.0444
1.162,0.2381,0.2282,0.2480,0,0,0,0.0000,35.9148,31.9780,12.55,27.81,174.09,-0.0444
1.182,0.2486,0.2263,0.2709,0,0,0,0.0000,36.7266,32.6028,11.81,28.34,173.95,-0.0441
1.201,0.2460,0.2212,0.2708,0,0,0,0.0000,36.7435,33.1582,12.28,28.39,173.80,-0.0439
1.223,0.2253,0.2149,0.2357,0,0,0,0.0000,36.7954,31.5261,12.25,28.08,173.80,-0.0443
1.241,0.2225,0.2170,0.2281,0,0,0,0.0000,37.0868,31.4976,12.41,27.32,173.82,-0.0444
1.264,0.2161,0.2172,0.2150,1,1,0,0.0000,37.4726,32.7378,12.88,25.63,174.03,-0.0454
1.287,0.2182,0.2194,0.2169,1,2,0,0.0000,38.2725,32.3819,13.78,24.83,174.16,-0.0455
1.314,0.2191,0.2161,0.2221,1,3,0,0.0000,38.3832,32.0754,14.04,24.17,174.30,-0.0457
1.328,0.2181,0.2199,0.2164,1,4,0,0.0000,38.1646,31.6250,14.28,24.23,174.38,-0.0456
1.349,0.2193,0.2207,0.2180,1,5,0,0.0000,38.7806,31.7155,14.31,23.75,174.16,-0.0460
1.371,0.2266,0.2178,0.2355,0,0,1,0.7294,38.5945,30.3766,14.65,23.74,174.25,-0.0459
1.392,0.2268,0.2116,0.2421,0,0,1,0.7184,39.7290,31.6642,14.23,23.59,174.13,-0.0459
1.411,0.2288,0.2113,0.2463,0,0,1,0.7088,39.7136,30.8833,14.70,22.83,174.29,-0.0464
1.430,0.2301,0.2103,0.2499,0,0,1,0.6991,40.1868,31.8536,13.23,22.87,174.05,-0.0462
1.451,0.2349,0.2148,0.2550,0,0,1,0.6894,40.2137,32.7656,12.91,22.81,174.21,-0.0462
1.471,0.2471,0.2162,0.2781,0,0,1,0.6798,40.6852,33.1411,12.58,22.49,174.05,-0.0464
1.499,0.2464,0.2107,0.2821,0,0,1,0.6672,39.2140,33.0785,12.43,22.88,174.17,-0.0461
1.517,0.2397,0.2098,0.2696,0,0,1,0.6591,39.1264,33.0212,12.96,22.42,174.25,-0.0469
1.539,0.2499,0.2138,0.2860,0,0,1,0.6498,38.0296,32.3712,12.64,22.94,174.18,-0.0465
1.557,0.2376,0.2167,0.2584,0,0,1,0.6422,38.0981,32.4661,12.52,23.30,174.14,-0.0465
1.577,0.2406,0.2147,0.2664,0,0,1,0.6341,38.4720,31.5390,12.40,23.20,174.06,-0.0464
1.597,0.2434,0.2179,0.2690,0,0,1,0.6261,37.7119,30.9952,12.14,23.93,173.90,-0.0463
1.622,0.2364,0.2133,0.2594,0,0,1,0.6166,38.2660,31.2214,11.83,24.67,173.75,-0.0464
1.639,0.2452,0.2163,0.2741,0,0,1,0.6101,38.6625,30.8283,12.48,24.79,173.65,-0.0462
1.661,0.2373,0.2131,0.2615,0,0,1,0.6020,38.4248,31.3495,12.00,24.75,173.59,-0.0462
1.688,0.2319,0.2081,0.2556,0,0,1,0.5924,38.6611,31.5118,12.12,24.60,173.55,-0.0461
1.702,0.2428,0.2097,0.2758,0,0,1,0.5876,37.9499,31.3029,12.06,24.18,173.39,-0.0461
1.733,0.2471,0.2099,0.2844,0,0,1,0.5769,38.7058,31.1033,12.72,24.06,173.40,-0.0461
1.778,0.2481,0.2032,0.2930,0,0,1,0.5623,39.4877,31.1702,12.23,24.04,173.26,-0.0461
1.801,0.2481,0.2090,0.2871,0,0,1,0.5552,39.0539,30.7070,12.67,23.89,173.48,-0.0463
1.823,0.2371,0.2026,0.2716,0,0,1,0.5486,38.3198,30.9574,11.96,24.03,173.39,-0.0460
1.859,0.2302,0.2111,0.2492,0,0,1,0.5380,37.2457,31.8242,12.85,23.69,173.47,-0.0464
1.887,0.2322,0.2096,0.2548,0,0,1,0.5299,37.4231,32.4201,12.22,23.58,173.47,-0.0463
1.918,0.2242,0.2102,0.2381,0,0,1,0.5213,35.6569,33.1052,11.55,24.72,173.23,-0.0457
1.950,0.2263,0.2088,0.2439,0,0,1,0.5128,35.5652,34.1464,10.40,25.53,172.90,-0.0450
1.983,0.2418,0.2152,0.2683,0,0,1,0.5043,36.9535,33.1556,10.75,26.23,172.73,-0.0449
2.013,0.2341,0.2214,0.2467,0,0,1,0.4967,37.3926,34.0872,11.00,27.37,172.91,-0.0443
2.045,0.2506,0.2332,0.2679,0,0,1,0.4889,38.8091,34.2834,10.38,28.07,172.59,-0.0438
2.077,0.2637,0.2375,0.2900,0,0,1,0.4814,39.4866,33.0322,9.37,29.00,172.53,-0.0433
2.116,0.2609,0.2341,0.2877,0,0,1,0.4726,39.5786,33.0886,9.24,29.49,172.56,-0.0433
2.149,0.2601,0.2328,0.2874,0,0,1,0.4653,39.2733,32.7815,8.98,30.12,172.28,-0.0430
2.158,0.2710,0.2310,0.3111,0,0,1,0.4635,39.5115,34.6294,9.34,30.03,172.49,-0.0431
2.195,0.2597,0.2291,0.2904,0,0,1,0.4556,38.3918,34.7181,10.26,29.53,172.48,-0.0435
2.220,0.2627,0.2266,0.2987,0,0,1,0.4504,38.9575,33.9683,11.13,29.37,172.64,-0.0439
2.259,0.2647,0.2238,0.3056,0,0,1,0.4428,38.8570,33.4779,12.05,29.40,172.54,-0.0442
2.298,0.2572,0.2223,0.2920,0,0,1,0.4352,37.8133,33.5556,12.14,28.99,172.24,-0.0443
2.327,0.2587,0.2241,0.2934,0,0,1,0.4297,38.4928,33.2367,11.45,29.00,172.15,-0.0437
2.360,0.2564,0.2188,0.2940,0,0,1,0.4237,38.8387,33.3125,11.49,28.04,172.21,-0.0439
2.391,0.2474,0.2196,0.2752,0,0,1,0.4183,37.2724,35.1357,11.43,28.20,172.08,-0.0438
2.420,0.2439,0.2175,0.2702,0,0,1,0.4132,37.3560,34.4298,11.07,28.53,172.06,-0.0436
2.451,0.2286,0.2170,0.2403,0,0,1,0.4080,36.8677,33.3397,11.09,28.78,172.17,-0.0434
2.483,0.2272,0.2159,0.2385,0,0,1,0.4028,37.4852,33.5427,10.72,28.79,172.31,-0.0430
2.513,0.2322,0.2104,0.2540,0,0,1,0.3979,37.6606,33.7090,11.11,28.17,172.31,-0.0432
2.542,0.2418,0.2106,0.2730,0,0,1,0.3934,38.2052,32.8711,10.70,28.33,172.47,-0.0433
2.559,0.2400,0.2131,0.2669,0,0,1,0.3907,37.8278,33.5754,11.04,28.46,172.43,-0.0432
2.577,0.2449,0.2149,0.2750,0,0,1,0.3881,38.2576,33.8508,10.94,28.48,172.39,-0.0433
2.605,0.2295,0.2173,0.2417,0,0,1,0.3839,37.6160,33.4464,10.75,28.88,172.10,-0.0431
2.621,0.2275,0.2188,0.2362,0,0,1,0.3816,37.0965,33.3984,10.65,28.83,171.98,-0.0431
2.639,0.2283,0.2178,0.2389,0,0,1,0.3789,37.6404,32.3628,10.69,29.11,171.96,-0.0429
2.670,0.2334,0.2290,0.2378,0,0,1,0.3745,36.9621,32.8054,10.80,29.15,172.17,-0.0431
2.699,0.2428,0.2308,0.2547,0,0,1,0.3706,38.1924,31.6593,10.27,30.10,172.21,-0.0426
2.715,0.2581,0.2331,0.2830,0,0,1,0.3684,38.0247,33.6157,10.74,29.52,172.23,-0.0429
2.744,0.2574,0.2284,0.2865,0,0,1,0.3644,36.0424,32.6944,11.51,29.21,172.61,-0.0433
2.774,0.2467,0.2257,0.2677,0,0,1,0.3604,36.6980,32.8235,12.01,28.62,172.72,-0.0438
2.791,0.2586,0.2260,0.2912,0,0,1,0.3583,37.9340,33.7911,13.49,28.52,172.98,-0.0442
2.822,0.2678,0.2214,0.3141,0,0,1,0.3543,38.2369,32.8339,13.08,28.57,172.54,-0.0443
2.855,0.2581,0.2142,0.3020,0,0,1,0.3503,37.1841,31.5261,12.03,28.65,172.68,-0.0439
2.884,0.2601,0.2164,0.3038,0,0,1,0.3468,38.3700,33.6232,13.74,27.18,172.80,-0.0439
2.915,0.2410,0.2099,0.2721,0,0,1,0.3431,37.0568,34.1292,13.18,26.98,173.18,-0.0438
2.948,0.2435,0.2084,0.2785,0,0,1,0.3392,37.5410,33.4633,13.02,27.06,173.28,-0.0432
2.978,0.2397,0.2092,0.2702,0,0,1,0.3358,36.9752,33.0297,12.78,26.85,173.22,-0.0435
3.008,0.2467,0.2107,0.2828,0,0,1,0.3324,37.1112,33.8572,12.84,27.23,173.20,-0.0436
3.024,0.2487,0.2141,0.2833,0,0,1,0.3306,36.5885,33.9846,12.81,27.00,173.22,-0.0441
3.040,0.2565,0.2255,0.2876,0,0,1,0.3290,38.0369,33.8070,12.01,28.36,173.00,-0.0432
3.071,0.2633,0.2286,0.2981,0,0,1,0.3256,38.9130,32.4188,10.78,30.01,172.38,-0.0422
3.101,0.2542,0.2251,0.2833,0,0,1,0.3225,38.4411,31.3283,10.59,30.17,172.62,-0.0423
3.118,0.2605,0.2247,0.2964,0,0,1,0.3208,37.7150,31.4487,10.30,30.04,172.62,-0.0426
3.149,0.2174,0.1761,0.2587,1,1,1,0.3176,36.8186,29.3620,11.04,29.78,172.96,-0.0428
3.179,0.2320,0.1748,0.2891,0,0,1,0.3146,35.8145,30.0394,11.38,29.45,173.32,-0.0434
3.195,0.2528,0.1987,0.3070,0,0,1,0.3130,34.5706,31.0899,11.34,30.21,173.39,-0.0428
3.211,0.2827,0.2356,0.3298,0,0,1,0.3114,34.3595,31.1026,11.53,31.27,173.45,-0.0423
3.226,0.2966,0.2623,0.3309,0,0,1,0.3100,33.5485,30.9935,11.47,31.44,173.59,-0.0420
3.256,0.3061,0.2822,0.3300,0,0,1,0.3071,33.5283,30.0730,12.09,31.59,173.44,-0.0418
3.273,0.3109,0.2893,0.3324,0,0,1,0.3056,33.3385,30.6754,12.03,31.18,173.25,-0.0423
3.304,0.3154,0.2983,0.3325,0,0,1,0.3027,34.0887,30.4539,12.40,30.58,173.64,-0.0426
3.334,0.3208,0.3037,0.3380,0,0,1,0.2999,34.2676,31.6084,11.93,30.63,173.70,-0.0426
3.350,0.3239,0.3063,0.3415,0,0,1,0.2985,33.5566,31.5565,11.84,30.42,173.62,-0.0424
3.366,0.3242,0.2974,0.3511,0,0,1,0.2971,33.7232,31.6774,11.76,30.65,173.55,-0.0425
3.398,0.3279,0.3055,0.3504,0,0,1,0.2943,33.7572,31.5973,11.45,30.47,173.45,-0.0427
3.430,0.3284,0.3172,0.3396,0,0,1,0.2916,33.5819,32.0954,11.82,29.76,173.52,-0.0427
3.461,0.3239,0.3098,0.3380,0,0,1,0.2889,32.9526,32.6457,11.69,28.53,173.58,-0.0432
3.490,0.3132,0.3099,0.3165,0,0,1,0.2865,33.5180,31.3677,11.27,28.33,173.69,-0.0430
3.507,0.3156,0.3067,0.3245,0,0,1,0.2852,33.7514,32.4645,11.32,28.16,173.86,-0.0434
3.523,0.3153,0.3115,0.3192,0,0,1,0.2838,33.7773,31.8869,10.97,27.80,173.72,-0.0434
3.553,0.3182,0.3035,0.3329,0,0,1,0.2815,33.8095,32.4393,9.80,28.16,173.72,-0.0436
3.585,0.3086,0.3014,0.3158,0,0,1,0.2790,33.1489,31.9588,9.26,28.03,173.79,-0.0436
3.616,0.2923,0.2696,0.3151,0,0,1,0.2766,34.2585,31.5287,8.29,28.93,173.60,-0.0436
3.648,0.2517,0.2070,0.2965,0,0,1,0.2741,36.7727,34.3230,7.67,28.99,174.27,-0.0437
3.677,0.2377,0.2005,0.2748,0,0,1,0.2720,36.3146,33.4889,5.95,29.12,174.09,-0.0446
3.708,0.2500,0.2229,0.2770,0,0,1,0.2697,36.3526,34.7089,5.89,29.03,174.53,-0.0446
3.740,0.2790,0.2380,0.3199,0,0,1,0.2674,35.7920,35.4213,5.82,29.78,174.30,-0.0442
3.770,0.2959,0.2584,0.3333,0,0,1,0.2652,37.4089,36.8101,6.55,29.51,174.64,-0.0443
3.798,0.3051,0.2649,0.3453,0,0,1,0.2633,38.1441,37.0344,6.54,29.37,174.97,-0.0448
3.814,0.3074,0.2660,0.3488,0,0,1,0.2622,38.4485,36.2588,6.81,29.18,174.75,-0.0453
3.831,0.3091,0.2675,0.3508,0,0,1,0.2611,38.1804,38.3165,7.69,28.53,175.07,-0.0454
3.861,0.3035,0.2544,0.3525,0,0,1,0.2590,38.1307,37.7225,7.82,28.73,175.16,-0.0456
3.892,0.3094,0.2592,0.3595,0,0,1,0.2569,38.4011,37.8776,8.10,28.77,175.48,-0.0452
3.923,0.3058,0.2590,0.3527,0,0,1,0.2549,38.6798,37.8894,8.02,28.07,175.50,-0.0455
3.953,0.3118,0.2652,0.3584,0,0,1,0.2529,38.5251,37.8187,7.20,29.07,175.57,-0.0445
3.969,0.3145,0.2705,0.3585,0,0,1,0.2519,38.4404,36.7592,6.89,29.55,175.36,-0.0443
4.001,0.3173,0.2746,0.3599,0,0,1,0.2499,38.3793,37.1253,5.78,30.64,175.07,-0.0437
4.031,0.3204,0.2752,0.3655,0,0,1,0.2481,38.0959,35.9227,4.90,30.84,174.95,-0.0432
4.064,0.3287,0.2842,0.3732,0,0,1,0.2461,38.5972,36.1737,5.22,31.22,175.15,-0.0428
4.094,0.3025,0.2701,0.3349,0,0,1,0.2442,38.2511,35.5726,4.90,30.82,174.70,-0.0435
4.126,0.2749,0.2349,0.3148,0,0,1,0.2424,38.7779,35.6582,6.65,29.93,174.62,-0.0453
4.155,0.2536,0.2164,0.2908,0,0,1,0.2407,38.1282,36.3367,8.35,28.53,174.70,-0.0463
4.186,0.2542,0.2246,0.2837,0,0,1,0.2389,38.8705,34.1658,9.70,27.29,174.46,-0.0475
4.203,0.2528,0.2243,0.2814,0,0,1,0.2379,37.4064,33.0596,12.35,26.04,175.05,-0.0470
4.232,0.2613,0.2239,0.2986,0,0,1,0.2363,37.2933,34.4243,13.76,25.00,174.73,-0.0471
4.249,0.2577,0.2260,0.2895,0,0,1,0.2353,37.6764,34.5354,14.84,24.92,174.84,-0.0474
4.279,0.2650,0.2337,0.2964,0,0,1,0.2337,38.3531,34.8833,15.33,25.69,174.82,-0.0480
4.295,0.2674,0.2331,0.3016,0,0,1,0.2328,40.0010,34.9036,15.31,25.93,174.89,-0.0483
4.310,0.2633,0.2269,0.2997,0,0,1,0.2320,40.1093,35.8526,14.79,26.23,174.64,-0.0482
4.325,0.2737,0.2420,0.3054,0,0,1,0.2312,38.6403,35.6314,14.34,26.44,174.30,-0.0469
4.342,0.2742,0.2426,0.3059,0,0,1,0.2303,37.4545,34.6581,13.11,26.01,174.54,-0.0460
4.357,0.2800,0.2491,0.3109,0,0,1,0.2295,37.2261,33.9829,12.71,25.20,174.73,-0.0460
4.373,0.2858,0.2584,0.3132,0,0,1,0.2287,36.6969,36.0905,12.74,25.14,174.71,-0.0459
4.389,0.2829,0.2535,0.3122,0,0,1,0.2278,36.3990,34.3544,12.00,26.11,174.55,-0.0451
4.418,0.2778,0.2492,0.3065,0,0,1,0.2263,36.0731,33.8729,11.97,26.42,174.61,-0.0446
4.431,0.2760,0.2391,0.3129,0,0,1,0.2257,36.6313,31.4813,10.97,26.76,174.24,-0.0446
4.453,0.2891,0.2472,0.3310,0,0,1,0.2246,35.3503,28.2660,10.37,27.89,174.06,-0.0446
4.468,0.2955,0.2568,0.3342,0,0,1,0.2238,35.3416,28.7401,10.51,28.12,173.76,-0.0439
4.487,0.3027,0.2645,0.3409,0,0,1,0.2229,35.1088,27.2365,10.75,28.89,173.43,-0.0434
4.514,0.3103,0.2787,0.3418,0,0,1,0.2215,35.2008,27.9622,11.39,28.67,173.56,-0.0438
4.538,0.3026,0.2789,0.3264,0,0,1,0.2204,35.8845,29.3264,11.68,28.28,173.34,-0.0442
4.554,0.3096,0.2749,0.3443,0,0,1,0.2196,35.0973,28.4838,12.84,28.42,173.32,-0.0436
4.587,0.3125,0.2842,0.3407,0,0,1,0.2180,34.2765,28.5584,13.07,28.28,173.00,-0.0439
4.630,0.3206,0.2922,0.3491,0,0,1,0.2160,34.3156,27.0886,13.06,28.62,172.40,-0.0443
4.653,0.3186,0.2952,0.3420,0,0,1,0.2149,34.3736,27.4647,13.75,29.08,172.37,-0.0442
4.688,0.3007,0.2757,0.3258,0,0,1,0.2133,33.7707,27.4216,14.22,30.09,172.18,-0.0439
4.698,0.2985,0.2742,0.3228,0,0,1,0.2129,32.9756,30.1394,15.01,29.14,172.23,-0.0443
4.714,0.2684,0.2384,0.2983,0,0,1,0.2122,34.5546,26.5524,14.07,29.62,171.79,-0.0443
4.734,0.2086,0.1370,0.2802,1,1,1,0.2113,34.4336,33.1839,13.60,28.76,171.32,-0.0446
4.759,0.1769,0.1209,0.2328,1,2,1,0.2101,34.8819,32.7430,13.10,29.21,171.16,-0.0440
4.787,0.1615,0.1171,0.2060,1,3,1,0.2089,33.9715,31.4310,12.53,30.02,170.03,-0.0442
4.817,0.1706,0.1466,0.1945,1,4,1,0.2076,36.4523,30.2560,10.63,44.44,-12.22,-0.0439
4.840,0.1696,0.1495,0.1898,1,5,1,0.2066,36.1027,31.0376,10.43,44.69,-13.11,-0.0440
4.857,0.1954,0.1545,0.2363,1,6,1,0.2059,36.0327,30.6418,9.77,44.25,-13.70,-0.0438
4.887,0.1981,0.1614,0.2349,1,7,1,0.2046,37.8275,29.6825,12.56,30.12,168.87,-0.0440
4.919,0.2192,0.1762,0.2621,1,8,1,0.2033,37.9950,29.5526,9.15,43.20,-13.50,-0.0433
4.960,0.2265,0.1750,0.2781,0,0,2,0.4032,37.0388,30.9043,8.99,43.11,-13.66,-0.0435
4.987,0.2267,0.1778,0.2755,0,0,2,0.4010,36.5406,31.0204,9.39,43.41,-13.52,-0.0430
5.004,0.2301,0.1764,0.2837,0,0,2,0.3997,38.2711,31.9159,9.11,43.60,-13.54,-0.0431
5.014,0.2260,0.1839,0.2682,0,0,2,0.3989,36.7612,30.0279,8.36,43.66,-13.88,-0.0432
5.039,0.2267,0.2012,0.2523,0,0,2,0.3969,36.7676,28.8115,8.18,44.03,-13.62,-0.0425
5.060,0.2272,0.1967,0.2576,0,0,2,0.3953,36.9762,30.0981,7.98,43.54,-13.67,-0.0431
5.077,0.2242,0.1878,0.2606,0,0,2,0.3939,38.4376,29.8983,8.12,43.50,-13.47,-0.0433
5.092,0.2279,0.1881,0.2677,0,0,2,0.3928,38.8114,30.2562,8.15,43.41,-13.34,-0.0433
5.124,0.2178,0.1886,0.2471,1,1,2,0.3904,37.6364,28.7849,8.58,43.63,-12.98,-0.0428
5.141,0.2236,0.1961,0.2510,0,0,2,0.3890,38.0687,29.9453,9.04,43.52,-12.84,-0.0432
5.156,0.2191,0.2002,0.2381,1,1,2,0.3879,36.7518,29.6925,9.31,43.71,-12.52,-0.0433
5.173,0.2268,0.2117,0.2420,0,0,2,0.3866,36.3291,28.6643,9.01,43.49,-12.43,-0.0433
5.202,0.2258,0.1879,0.2637,0,0,2,0.3845,37.3464,28.0833,7.49,43.73,-12.80,-0.0434
5.218,0.2127,0.1844,0.2410,1,1,2,0.3833,37.3344,28.4081,7.18,43.59,-12.36,-0.0433
5.234,0.2104,0.1864,0.2344,1,2,2,0.3821,36.7671,30.1180,9.35,30.16,170.50,-0.0437
5.279,0.2213,0.1876,0.2550,0,0,2,0.3788,36.4704,30.4586,8.70,29.79,170.54,-0.0441
5.305,0.2359,0.1926,0.2792,0,0,2,0.3770,36.5261,30.9868,7.88,29.56,170.65,-0.0441
5.339,0.2290,0.1897,0.2682,0,0,2,0.3746,36.4844,31.9001,8.77,28.51,171.13,-0.0441
5.361,0.2343,0.1976,0.2709,0,0,2,0.3730,36.6566,33.0074,9.42,28.17,171.47,-0.0446
5.393,0.2347,0.1882,0.2811,0,0,2,0.3708,36.2794,33.2568,7.40,42.63,-10.50,-0.0441
5.410,0.2337,0.1883,0.2790,0,0,2,0.3697,36.3646,32.8075,8.00,42.59,-10.11,-0.0442
5.425,0.2122,0.1981,0.2263,1,1,2,0.3687,35.9813,31.6352,8.07,42.59,-10.37,-0.0448
5.442,0.2190,0.1988,0.2391,1,2,2,0.3675,36.5423,31.3088,7.92,42.62,-10.43,-0.0448
5.480,0.2211,0.2009,0.2414,0,0,2,0.3649,36.9245,31.2934,10.44,28.01,171.55,-0.0451
5.488,0.2310,0.1958,0.2663,0,0,2,0.3644,37.1005,32.2264,11.19,27.92,171.52,-0.0451
5.505,0.2308,0.1941,0.2676,0,0,2,0.3633,37.3006,31.9166,10.99,27.69,171.48,-0.0449
5.520,0.2232,0.2006,0.2458,0,0,2,0.3623,36.8943,31.5879,11.05,26.49,171.48,-0.0452
5.553,0.2321,0.1970,0.2672,0,0,2,0.3602,36.4398,32.3894,11.20,26.30,171.40,-0.0450
5.597,0.2318,0.1963,0.2673,0,0,2,0.3573,35.5310,31.7856,10.47,26.22,171.34,-0.0451
5.607,0.2221,0.1955,0.2488,0,0,2,0.3567,35.4017,31.4193,9.99,26.16,171.22,-0.0451
5.637,0.2188,0.1903,0.2474,1,1,2,0.3548,34.5882,31.8375,10.02,25.88,171.23,-0.0450
5.654,0.2194,0.1958,0.2430,1,2,2,0.3537,34.7716,32.3151,10.22,26.13,171.55,-0.0452
5.670,0.2267,0.1870,0.2664,0,0,2,0.3527,36.1501,32.8867,10.42,26.06,171.47,-0.0455
5.699,0.2253,0.1931,0.2574,0,0,2,0.3509,36.1343,32.3909,10.98,26.01,171.57,-0.0454
5.707,0.2256,0.1871,0.2642,0,0,2,0.3505,36.3514,32.1068,11.61,26.34,171.66,-0.0452
5.718,0.2188,0.1800,0.2576,1,1,2,0.3498,36.3202,32.3499,11.10,25.88,171.70,-0.0455
5.733,0.2315,0.1914,0.2715,0,0,2,0.3488,36.5186,32.5917,9.95,26.19,171.53,-0.0455
5.767,0.2265,0.1895,0.2635,0,0,2,0.3468,36.9081,32.6382,9.77,26.13,171.89,-0.0453
5.797,0.2276,0.1906,0.2647,0,0,2,0.3450,37.1502,32.5118,9.72,26.67,171.96,-0.0448
5.829,0.2316,0.1887,0.2745,0,0,2,0.3431,36.8319,33.6620,9.75,27.06,172.23,-0.0444
5.860,0.2318,0.1963,0.2674,0,0,2,0.3413,37.2108,33.1885,9.61,26.63,171.94,-0.0440
5.904,0.2259,0.1989,0.2529,0,0,2,0.3388,34.9351,33.5029,9.65,26.50,172.01,-0.0438
5.939,0.2340,0.2047,0.2632,0,0,2,0.3367,34.5691,34.2010,9.64,26.52,172.12,-0.0438
5.959,0.2336,0.2052,0.2620,0,0,2,0.3356,34.5739,34.4740,10.19,26.37,172.43,-0.0440
5.971,0.2481,0.2075,0.2886,0,0,2,0.3350,34.5298,35.1880,11.32,26.12,172.87,-0.0444
6.001,0.2464,0.2048,0.2879,0,0,2,0.3333,34.0799,34.7201,11.78,25.77,173.17,-0.0451
6.019,0.2419,0.1995,0.2843,0,0,2,0.3323,33.9106,34.5806,12.41,26.42,173.07,-0.0457
6.059,0.2334,0.1988,0.2681,0,0,2,0.3301,36.9193,32.7175,13.25,26.19,172.75,-0.0459
6.067,0.2272,0.1947,0.2596,0,0,2,0.3297,36.5561,33.0053,13.78,25.60,172.75,-0.0461
6.090,0.2268,0.1981,0.2554,0,0,2,0.3284,35.1319,33.2814,13.59,25.17,172.92,-0.0458
6.112,0.2351,0.1985,0.2717,0,0,2,0.3272,34.6148,32.7951,13.91,25.40,173.11,-0.0450
6.128,0.2413,0.2195,0.2631,0,0,2,0.3264,36.8570,31.6541,14.05,26.35,173.97,-0.0444
6.142,0.2438,0.2063,0.2814,0,0,2,0.3256,36.9408,32.2233,14.27,27.02,173.84,-0.0440
6.173,0.2318,0.1935,0.2700,0,0,2,0.3240,35.6203,30.6306,14.90,27.32,173.56,-0.0447
6.205,0.2501,0.1963,0.3038,0,0,2,0.3223,36.7255,30.3740,13.38,28.44,173.35,-0.0446
6.242,0.2369,0.1811,0.2927,0,0,2,0.3204,37.1381,31.2422,13.50,27.69,173.42,-0.0445
6.269,0.2304,0.1826,0.2782,0,0,2,0.3191,36.8322,30.5620,14.72,26.23,173.39,-0.0445
6.298,0.2231,0.1872,0.2591,0,0,2,0.3176,36.7750,30.9878,13.03,26.25,173.25,-0.0435
6.330,0.2333,0.1869,0.2796,0,0,2,0.3160,34.7860,30.3810,11.89,26.86,173.30,-0.0435
6.359,0.2399,0.1967,0.2831,0,0,2,0.3145,35.5857,29.4865,11.48,27.35,173.34,-0.0435
6.391,0.2419,0.2004,0.2835,0,0,2,0.3129,36.0570,31.1805,11.24,27.69,173.70,-0.0436
6.423,0.2462,0.2023,0.2901,0,0,2,0.3114,36.8746,32.6891,10.17,27.91,173.72,-0.0435
6.452,0.2472,0.1961,0.2982,0,0,2,0.3100,36.5727,33.5076,9.46,27.70,173.65,-0.0430
6.485,0.2526,0.2084,0.2967,0,0,2,0.3084,37.6207,33.3826,8.76,28.77,173.68,-0.0428
6.514,0.2581,0.2185,0.2977,0,0,2,0.3070,37.4696,33.2958,8.68,29.96,173.99,-0.0426
6.530,0.2559,0.2079,0.3040,0,0,2,0.3063,39.6113,33.6009,7.98,30.49,173.75,-0.0423
6.546,0.2540,0.2198,0.2883,0,0,2,0.3055,38.2909,30.4541,8.34,31.82,174.02,-0.0415
6.562,0.2564,0.2215,0.2913,0,0,2,0.3048,38.6717,31.4025,7.78,33.07,174.17,-0.0420
6.578,0.2606,0.2307,0.2906,0,0,2,0.3041,39.3650,31.4427,8.27,33.40,174.02,-0.0417
6.609,0.2536,0.2162,0.2910,0,0,2,0.3026,38.9483,32.1501,8.88,34.08,173.56,-0.0420
6.640,0.2499,0.2046,0.2952,0,0,2,0.3012,38.5955,29.7819,8.19,34.18,172.78,-0.0419
6.672,0.2503,0.1977,0.3030,0,0,2,0.2998,36.9843,29.6971,8.72,33.84,172.40,-0.0430
6.701,0.2397,0.1926,0.2867,0,0,2,0.2984,36.7400,30.6121,11.31,32.10,172.15,-0.0435
6.718,0.2357,0.1945,0.2768,0,0,2,0.2977,35.5763,30.0765,13.86,30.35,172.80,-0.0443
6.748,0.2405,0.1994,0.2815,0,0,2,0.2964,35.6721,30.9079,14.26,30.53,172.77,-0.0437
6.780,0.2630,0.2046,0.3215,0,0,2,0.2950,35.0677,30.7957,14.57,31.39,172.93,-0.0428
6.812,0.2680,0.1968,0.3392,0,0,2,0.2936,37.0682,29.2288,14.38,32.04,172.98,-0.0430
6.842,0.2720,0.1993,0.3448,0,0,2,0.2923,37.3440,29.1174,12.91,32.66,172.89,-0.0430
6.871,0.2627,0.1934,0.3319,0,0,2,0.2911,36.7773,28.2374,12.11,32.15,172.67,-0.0425
6.888,0.2546,0.2104,0.2988,0,0,2,0.2904,35.4891,29.3608,12.44,31.65,172.90,-0.0419
6.919,0.2598,0.2175,0.3020,0,0,2,0.2891,35.5958,29.5860,12.38,31.74,172.82,-0.0416
6.951,0.2562,0.2105,0.3018,0,0,2,0.2877,35.4153,30.1559,12.73,32.22,172.57,-0.0414
6.983,0.2734,0.2162,0.3306,0,0,2,0.2864,36.2124,30.0973,12.15,33.24,172.41,-0.0410
7.014,0.2806,0.2225,0.3387,0,0,2,0.2852,37.4005,29.9395,11.33,33.46,172.37,-0.0406
7.045,0.2817,0.2290,0.3343,0,0,2,0.2839,37.9970,29.8262,10.95,33.71,172.24,-0.0405
7.075,0.2832,0.2355,0.3308,0,0,2,0.2827,38.0830,30.0394,11.28,34.08,172.34,-0.0404
7.107,0.2834,0.2318,0.3350,0,0,2,0.2814,37.7299,27.4408,11.32,34.41,172.37,-0.0405
7.140,0.2796,0.2291,0.3302,0,0,2,0.2801,37.5725,27.3507,10.61,34.56,172.30,-0.0408
7.171,0.2687,0.2276,0.3099,0,0,2,0.2789,37.0716,27.1471,11.17,33.43,172.68,-0.0410
7.202,0.2624,0.2196,0.3052,0,0,2,0.2777,36.2378,28.3940,11.33,32.98,172.64,-0.0414
7.231,0.2687,0.2260,0.3114,0,0,2,0.2766,38.2386,26.8038,12.17,32.38,172.90,-0.0415
7.260,0.2647,0.2215,0.3079,0,0,2,0.2755,39.2347,27.0817,11.60,31.89,172.94,-0.0414
7.279,0.2623,0.2320,0.2927,0,0,2,0.2748,39.1936,25.4955,12.34,31.85,172.98,-0.0416
7.295,0.2575,0.2291,0.2859,0,0,2,0.2742,39.3031,28.2196,12.27,31.13,173.18,-0.0418
7.325,0.2604,0.2311,0.2897,0,0,2,0.2730,39.6234,28.3392,11.92,31.62,173.11,-0.0414
7.358,0.2710,0.2311,0.3108,0,0,2,0.2718,39.0252,29.0943,11.43,32.19,173.23,-0.0408
7.387,0.2682,0.2332,0.3033,0,0,2,0.2707,39.8440,30.5292,10.79,32.08,173.31,-0.0414
7.419,0.2749,0.2274,0.3224,0,0,2,0.2696,40.1194,31.4184,10.69,32.01,172.97,-0.0410
7.450,0.2672,0.2270,0.3073,0,0,2,0.2684,38.2693,31.2923,10.43,31.86,173.27,-0.0414
7.482,0.2712,0.2264,0.3160,0,0,2,0.2673,39.8422,31.0864,10.13,32.00,173.27,-0.0415
7.513,0.2599,0.2215,0.2984,0,0,2,0.2662,40.0475,32.1847,10.69,31.52,173.56,-0.0417
7.544,0.2245,0.1555,0.2936,0,0,2,0.2651,37.4990,29.2591,10.62,31.66,173.54,-0.0419
7.576,0.2111,0.1321,0.2900,1,1,2,0.2640,35.5902,30.0103,10.26,31.87,173.55,-0.0420
7.608,0.2261,0.1489,0.3033,0,0,2,0.2629,35.2290,27.9752,12.09,30.48,173.75,-0.0429
7.637,0.2673,0.2055,0.3291,0,0,2,0.2619,35.5601,29.7869,12.48,30.44,174.04,-0.0431
7.652,0.2922,0.2548,0.3296,0,0,2,0.2614,35.2066,28.8151,13.21,30.86,174.02,-0.0432
7.684,0.3110,0.2598,0.3621,0,0,2,0.2603,36.4651,30.0428,13.51,31.07,173.89,-0.0432
7.714,0.3158,0.2641,0.3676,0,0,2,0.2593,36.4952,28.9953,13.06,30.51,173.42,-0.0438
7.744,0.3178,0.2694,0.3662,0,0,2,0.2583,36.3629,30.0627,12.56,30.07,173.07,-0.0434
7.777,0.3286,0.2820,0.3752,0,0,2,0.2572,34.5104,25.3875,12.25,31.01,173.21,-0.0426
7.808,0.3420,0.2947,0.3894,0,0,2,0.2562,35.3471,25.9770,10.92,32.02,173.14,-0.0425
7.839,0.3376,0.2976,0.3776,0,0,2,0.2551,35.0505,26.2994,11.10,31.52,173.33,-0.0423
7.870,0.3431,0.3072,0.3790,0,0,2,0.2541,34.4183,27.3845,10.89,31.26,173.90,-0.0426
7.902,0.3525,0.3166,0.3883,0,0,2,0.2531,34.5725,27.6175,10.82,31.23,174.39,-0.0429
7.931,0.3501,0.2993,0.4009,0,0,2,0.2522,36.0495,28.0324,10.10,31.06,174.76,-0.0429
7.947,0.3520,0.3005,0.4036,0,0,2,0.2517,36.1555,27.9563,9.71,30.82,174.84,-0.0428
7.963,0.3433,0.3025,0.3842,0,0,2,0.2512,35.7399,28.6428,10.73,30.13,175.14,-0.0431
7.980,0.3331,0.2888,0.3775,0,0,2,0.2506,35.8738,29.3238,10.93,29.15,174.70,-0.0439
7.995,0.3351,0.3022,0.3681,0,0,2,0.2502,35.8013,27.9989,12.03,29.27,175.13,-0.0440
8.026,0.3270,0.2887,0.3653,0,0,2,0.2492,35.2185,28.0895,12.24,28.21,174.88,-0.0446
8.057,0.3327,0.3001,0.3653,0,0,2,0.2482,35.5328,28.1097,12.43,27.79,175.07,-0.0449
8.088,0.3323,0.2989,0.3658,0,0,2,0.2473,35.3629,28.7759,13.24,27.82,175.08,-0.0451
8.121,0.3305,0.2907,0.3704,0,0,2,0.2463,34.6988,28.5566,13.57,28.00,175.09,-0.0454
8.150,0.3309,0.3009,0.3610,0,0,2,0.2454,30.4412,28.7903,13.63,28.09,174.81,-0.0457
8.166,0.3293,0.3015,0.3571,0,0,2,0.2449,30.8776,29.3110,14.15,27.85,174.97,-0.0462
8.196,0.3268,0.3021,0.3515,0,0,2,0.2440,30.9618,29.4343,14.14,27.91,174.78,-0.0463
8.212,0.3215,0.2975,0.3454,0,0,2,0.2436,31.3845,30.4290,14.24,27.90,174.64,-0.0463
8.245,0.3306,0.2940,0.3672,0,0,2,0.2426,31.0035,29.2776,13.87,27.91,174.85,-0.0459
8.275,0.3243,0.2931,0.3555,0,0,2,0.2417,32.0454,30.6506,13.26,28.07,174.64,-0.0454
8.305,0.3172,0.2823,0.3520,0,0,2,0.2408,33.5634,30.3792,13.49,27.03,174.81,-0.0450
8.321,0.3251,0.2907,0.3596,0,0,2,0.2403,34.6317,29.8667,13.43,26.40,175.04,-0.0450
8.353,0.3290,0.3030,0.3550,0,0,2,0.2394,35.5564,30.4129,13.24,26.27,174.95,-0.0450
8.385,0.3311,0.2973,0.3648,0,0,2,0.2385,34.7026,28.4934,12.88,26.91,175.00,-0.0449
8.416,0.3257,0.2966,0.3548,0,0,2,0.2376,34.6957,28.8901,13.04,27.18,175.17,-0.0448
8.446,0.3284,0.2997,0.3571,0,0,2,0.2368,35.2317,28.4865,12.38,43.06,-5.71,-0.0443
8.461,0.3340,0.2989,0.3691,0,0,2,0.2364,36.1567,28.1163,11.64,27.69,175.49,-0.0438
8.477,0.3398,0.2949,0.3847,0,0,2,0.2359,36.2283,30.0228,10.44,28.78,175.39,-0.0435
8.509,0.3343,0.2854,0.3832,0,0,2,0.2351,35.0250,30.0911,9.74,29.10,175.44,-0.0430
8.524,0.3310,0.2833,0.3788,0,0,2,0.2346,36.0653,29.9775,9.61,28.99,175.56,-0.0432
8.540,0.3293,0.2897,0.3690,0,0,2,0.2342,36.7238,30.0351,9.94,28.56,175.52,-0.0438
8.571,0.3378,0.2968,0.3788,0,0,2,0.2333,36.4896,30.1896,10.04,28.93,175.63,-0.0442
8.587,0.3372,0.2848,0.3897,0,0,2,0.2329,35.5923,29.0416,9.07,29.39,175.66,-0.0441
8.603,0.3329,0.2832,0.3825,0,0,2,0.2325,35.3940,29.5470,8.89,28.97,175.88,-0.0437
8.634,0.3318,0.2809,0.3827,0,0,2,0.2316,35.2325,29.3938,8.64,28.31,176.13,-0.0436
8.666,0.3319,0.2789,0.3850,0,0,2,0.2308,35.5659,29.7450,8.21,28.11,176.40,-0.0440
8.695,0.3319,0.2905,0.3733,0,0,2,0.2300,35.6377,29.4883,8.15,27.63,176.06,-0.0436
8.728,0.3417,0.3007,0.3827,0,0,2,0.2291,36.4698,29.4126,7.95,28.77,176.04,-0.0433
8.757,0.3383,0.3027,0.3738,0,0,2,0.2284,37.2231,29.2782,7.41,29.44,175.18,-0.0431
8.787,0.3322,0.2843,0.3801,0,0,2,0.2276,36.5855,30.1017,6.53,30.81,174.91,-0.0428
8.803,0.3453,0.2984,0.3923,0,0,2,0.2272,36.1727,29.0673,6.87,31.70,175.09,-0.0426
8.834,0.3361,0.2879,0.3843,0,0,2,0.2264,37.1631,29.1129,7.62,31.29,174.94,-0.0428
8.865,0.3406,0.2895,0.3917,0,0,2,0.2256,36.9902,31.3102,7.85,31.25,174.80,-0.0433
8.881,0.3410,0.2945,0.3876,0,0,2,0.2252,36.0013,32.8076,8.33,30.91,175.05,-0.0440
8.910,0.3322,0.2910,0.3734,0,0,2,0.2245,35.9604,32.8579,9.00,31.05,174.81,-0.0446
8.942,0.3265,0.2891,0.3639,0,0,2,0.2237,36.0332,33.1916,9.14,30.77,174.60,-0.0449
8.972,0.3345,0.3007,0.3684,0,0,2,0.2229,34.2272,33.3169,9.39,30.84,174.33,-0.0450
8.988,0.3310,0.3005,0.3615,0,0,2,0.2225,34.3283,34.4533,9.73,30.23,174.10,-0.0454
9.002,0.3371,0.3078,0.3664,0,0,2,0.2222,34.1142,33.6568,9.13,30.20,174.30,-0.0452
9.018,0.3142,0.2885,0.3399,0,0,2,0.2218,34.1953,34.4941,9.48,29.54,174.08,-0.0450
9.034,0.3237,0.2873,0.3600,0,0,2,0.2214,35.9226,34.5933,7.71,29.32,174.13,-0.0446
9.066,0.3291,0.2911,0.3672,0,0,2,0.2206,36.2855,32.7493,6.36,29.79,174.07,-0.0436
9.097,0.3265,0.2856,0.3674,0,0,2,0.2198,37.1527,34.0187,5.53,29.55,173.97,-0.0434
9.127,0.3208,0.2799,0.3617,0,0,2,0.2191,36.9182,34.3112,6.55,28.38,174.28,-0.0434
9.159,0.3172,0.2780,0.3564,0,0,2,0.2184,37.3351,33.4877,7.77,42.76,-5.89,-0.0434
9.189,0.3241,0.2781,0.3700,0,0,2,0.2177,37.2322,33.3291,7.19,43.11,-5.92,-0.0437
9.220,0.3232,0.2789,0.3674,0,0,2,0.2169,37.0033,33.2748,8.92,43.68,-4.85,-0.0437
9.235,0.3225,0.2783,0.3666,0,0,2,0.2166,37.0258,32.5004,8.07,43.40,-5.04,-0.0442
9.250,0.3244,0.2746,0.3741,0,0,2,0.2162,37.2261,32.6139,7.91,43.47,-5.09,-0.0441
9.267,0.3242,0.2783,0.3701,0,0,2,0.2158,37.0881,32.4745,6.21,29.02,174.89,-0.0442
9.282,0.3227,0.2827,0.3628,0,0,2,0.2155,37.2585,32.1850,6.26,28.84,174.93,-0.0443
9.312,0.3227,0.2797,0.3657,0,0,2,0.2148,37.5589,32.4610,6.52,28.55,175.07,-0.0443
9.345,0.3184,0.2711,0.3658,0,0,2,0.2140,37.5750,31.8532,6.26,29.17,175.14,-0.0436
9.376,0.3224,0.2629,0.3819,0,0,2,0.2133,36.1932,31.7172,6.74,29.56,175.28,-0.0433
9.407,0.3249,0.2710,0.3789,0,0,2,0.2126,35.3880,32.3523,6.65,29.23,175.32,-0.0434
9.438,0.3141,0.2644,0.3638,0,0,2,0.2119,35.4364,31.6665,6.93,29.87,175.29,-0.0432
9.470,0.3263,0.2642,0.3883,0,0,2,0.2112,36.7115,31.4627,7.81,29.98,175.32,-0.0430
9.502,0.3305,0.2768,0.3843,0,0,2,0.2105,37.8347,31.5722,8.14,30.00,175.19,-0.0429
9.533,0.3271,0.2763,0.3780,0,0,2,0.2098,36.4973,32.4022,8.13,29.30,175.07,-0.0432
9.565,0.3305,0.2805,0.3804,0,0,2,0.2091,35.8390,32.8076,8.12,28.96,174.76,-0.0439
9.595,0.3273,0.2811,0.3736,0,0,2,0.2085,35.1632,33.8064,8.00,28.45,174.57,-0.0444
9.626,0.3209,0.2841,0.3576,0,0,2,0.2078,35.4120,34.0945,7.29,28.59,174.31,-0.0444
9.656,0.3209,0.2901,0.3518,0,0,2,0.2071,35.8995,33.8782,7.56,28.74,174.35,-0.0441
9.687,0.3188,0.2820,0.3555,0,0,2,0.2065,35.9092,33.6053,8.29,28.91,174.26,-0.0440
9.703,0.3105,0.2655,0.3556,0,0,2,0.2061,36.4881,34.1373,8.87,28.61,174.46,-0.0442
9.719,0.3128,0.2697,0.3559,0,0,2,0.2058,36.5636,34.3217,8.24,29.64,174.28,-0.0439
9.750,0.3131,0.2702,0.3560,0,0,2,0.2051,35.8882,34.8289,8.97,29.97,174.45,-0.0435
9.766,0.3188,0.2741,0.3635,0,0,2,0.2048,36.2007,34.4832,7.55,31.27,174.57,-0.0433
9.781,0.3224,0.2781,0.3667,0,0,2,0.2045,36.7346,34.4467,6.85,32.03,174.55,-0.0431
9.795,0.3280,0.2806,0.3755,0,0,2,0.2042,37.4325,34.7901,6.90,32.36,174.74,-0.0429
9.810,0.3255,0.2762,0.3748,0,0,2,0.2039,38.2023,34.0913,7.70,31.86,174.82,-0.0429
9.826,0.3208,0.2759,0.3658,0,0,2,0.2035,37.6864,33.1252,8.01,31.47,174.34,-0.0441
9.841,0.3253,0.2845,0.3661,0,0,2,0.2032,37.0576,34.3803,9.12,31.31,174.55,-0.0446
9.857,0.3040,0.2703,0.3376,0,0,2,0.2029,37.6464,34.5665,9.80,30.00,174.56,-0.0458
9.889,0.3009,0.2661,0.3357,0,0,2,0.2022,37.8853,33.5315,11.45,27.84,175.09,-0.0469
9.920,0.3027,0.2679,0.3375,0,0,2,0.2016,37.0275,33.5575,11.79,26.88,175.29,-0.0466
9.950,0.2952,0.2636,0.3268,0,0,2,0.2010,37.1859,34.4292,13.19,26.27,175.66,-0.0464
9.966,0.3044,0.2702,0.3386,0,0,2,0.2007,36.2866,36.0471,12.68,27.28,175.38,-0.0472
9.997,0.2943,0.2636,0.3249,0,0,2,0.2001,37.1229,33.5470,12.28,27.34,175.69,-0.0472
10.027,0.3001,0.2683,0.3318,0,0,2,0.1995,37.6172,32.6301,11.87,27.53,175.73,-0.0462
10.059,0.2993,0.2655,0.3332,0,0,2,0.1988,36.6154,33.4965,13.01,25.92,176.23,-0.0453
10.089,0.2915,0.2505,0.3325,0,0,2,0.1982,36.3765,34.3256,13.40,25.68,176.60,-0.0451
10.119,0.2671,0.2362,0.2981,0,0,2,0.1976,36.2596,33.0633,13.84,25.18,176.53,-0.0456
10.150,0.2649,0.2349,0.2949,0,0,2,0.1970,37.6277,31.5423,12.67,41.75,-4.28,-0.0455
10.181,0.2758,0.2418,0.3099,0,0,2,0.1964,37.1828,30.9595,12.11,42.20,-3.89,-0.0451
10.213,0.2887,0.2528,0.3246,0,0,2,0.1958,36.6743,30.7528,12.31,42.61,-3.70,-0.0446
10.242,0.2981,0.2613,0.3349,0,0,2,0.1953,38.4166,30.7450,10.71,26.19,176.60,-0.0442
10.273,0.2992,0.2592,0.3393,0,0,2,0.1947,38.5788,31.8398,11.16,26.26,176.72,-0.0442
10.300,0.2927,0.2555,0.3299,0,0,2,0.1942,38.3979,32.0235,11.51,26.22,176.75,-0.0446
10.338,0.3006,0.2633,0.3379,0,0,2,0.1935,38.9506,31.8653,11.52,26.56,176.80,-0.0448
10.371,0.2993,0.2592,0.3393,0,0,2,0.1928,37.8004,32.1667,12.32,42.81,-3.58,-0.0448
10.378,0.3045,0.2679,0.3412,0,0,2,0.1927,38.3885,32.0927,12.27,42.75,-3.61,-0.0447
10.394,0.3051,0.2671,0.3430,0,0,2,0.1924,38.4637,32.0437,12.41,42.57,-3.41,-0.0446
10.410,0.3051,0.2653,0.3449,0,0,2,0.1921,38.4845,32.2444,12.46,42.91,-3.32,-0.0445
10.426,0.3050,0.2594,0.3506,0,0,2,0.1918,37.8105,32.2360,12.60,42.69,-2.99,-0.0441
10.450,0.3033,0.2572,0.3493,0,0,2,0.1914,36.8648,31.3638,11.12,26.81,177.31,-0.0440
10.457,0.2986,0.2562,0.3411,0,0,2,0.1913,37.4123,31.0389,11.10,26.55,177.25,-0.0442
10.488,0.3052,0.2609,0.3495,0,0,2,0.1907,37.1978,31.0480,10.49,26.86,176.92,-0.0439
10.521,0.3035,0.2592,0.3478,0,0,2,0.1901,37.2081,31.3685,10.44,26.82,176.71,-0.0437
10.552,0.2998,0.2550,0.3446,0,0,2,0.1895,37.2860,31.8618,12.18,42.73,-3.69,-0.0437
10.584,0.3019,0.2581,0.3456,0,0,2,0.1890,35.9992,34.2098,11.05,27.31,176.86,-0.0437
10.600,0.2968,0.2553,0.3384,0,0,2,0.1887,36.3086,33.0340,11.29,26.71,176.63,-0.0436
10.617,0.2913,0.2538,0.3288,0,0,2,0.1884,36.0457,32.2406,11.68,25.93,176.88,-0.0440
10.638,0.3048,0.2606,0.3490,0,0,2,0.1880,35.7065,32.2240,11.72,25.20,176.92,-0.0442
10.660,0.3035,0.2573,0.3497,0,0,2,0.1876,35.5337,31.8655,11.99,25.11,177.21,-0.0442
10.677,0.3064,0.2651,0.3477,0,0,2,0.1873,36.3916,32.0636,12.17,25.13,177.02,-0.0444
10.692,0.3084,0.2664,0.3503,0,0,2,0.1871,36.4701,32.1313,13.16,24.86,177.34,-0.0454
10.707,0.3108,0.2703,0.3513,0,0,2,0.1868,36.5497,32.4648,13.18,24.64,177.25,-0.0460
10.724,0.3077,0.2691,0.3462,0,0,2,0.1865,36.2615,31.9798,12.87,24.12,177.11,-0.0466
10.741,0.3055,0.2712,0.3399,0,0,2,0.1862,35.9292,31.6400,12.10,24.88,176.74,-0.0460
10.772,0.3073,0.2670,0.3476,0,0,2,0.1857,36.1544,31.8943,12.15,25.24,176.76,-0.0459
10.804,0.3079,0.2672,0.3487,0,0,2,0.1851,35.8078,32.0461,12.15,25.54,176.73,-0.0458
10.835,0.3104,0.2696,0.3511,0,0,2,0.1846,35.6791,32.4633,11.90,25.57,176.76,-0.0457
10.851,0.3100,0.2722,0.3478,0,0,2,0.1843,35.3613,32.7251,12.30,25.44,176.81,-0.0458
10.866,0.3071,0.2722,0.3420,0,0,2,0.1841,36.3542,32.5868,12.39,25.61,176.85,-0.0459
10.881,0.3060,0.2727,0.3394,0,0,2,0.1838,36.7226,33.1631,13.18,24.91,177.06,-0.0458
10.898,0.3002,0.2666,0.3337,0,0,2,0.1835,35.7842,32.3028,14.54,24.90,177.29,-0.0456
10.923,0.2989,0.2681,0.3297,0,0,2,0.1831,35.6169,32.5150,15.50,25.00,177.34,-0.0453
10.956,0.3018,0.2670,0.3366,0,0,2,0.1826,35.5216,33.2513,16.54,24.53,177.42,-0.0456
10.971,0.3005,0.2692,0.3318,0,0,2,0.1823,36.1904,32.9487,16.29,24.66,177.10,-0.0455
10.989,0.3013,0.2739,0.3288,0,0,2,0.1820,35.8637,33.3867,16.43,24.63,176.88,-0.0448
11.004,0.3006,0.2771,0.3241,0,0,2,0.1818,35.6022,34.0911,17.58,24.31,177.09,-0.0449
11.020,0.3106,0.2765,0.3446,0,0,2,0.1815,36.0014,33.2453,16.65,25.01,176.55,-0.0451
11.035,0.3073,0.2741,0.3406,0,0,2,0.1812,35.6509,32.9868,17.37,25.70,176.72,-0.0450
11.052,0.3109,0.2766,0.3452,0,0,2,0.1810,36.4186,34.0480,17.83,24.88,176.74,-0.0452
11.068,0.3082,0.2786,0.3378,0,0,2,0.1807,37.1952,33.0558,18.61,24.83,176.51,-0.0461
11.083,0.3059,0.2776,0.3343,0,0,2,0.1805,36.4339,33.1672,18.11,25.84,175.94,-0.0463
11.098,0.3021,0.2721,0.3320,0,0,2,0.1802,36.4128,32.7229,18.26,25.12,175.36,-0.0461
11.116,0.3019,0.2717,0.3320,0,0,2,0.1799,36.2461,33.9826,16.35,25.04,174.64,-0.0455
11.145,0.3084,0.2732,0.3436,0,0,2,0.1795,37.1282,34.1820,14.65,27.11,174.58,-0.0443
11.166,0.3167,0.2806,0.3528,0,0,2,0.1791,37.2215,33.7766,13.56,28.51,174.30,-0.0442
11.198,0.3115,0.2810,0.3419,0,0,2,0.1786,37.7048,34.0184,12.07,29.54,174.10,-0.0429
11.239,0.3180,0.2795,0.3564,0,0,2,0.1780,35.2188,33.6400,11.96,29.71,174.44,-0.0431
11.262,0.3170,0.2743,0.3597,0,0,2,0.1776,36.1713,33.3775,12.11,30.16,174.27,-0.0432
11.293,0.3134,0.2768,0.3499,0,0,2,0.1771,35.8757,34.1147,12.28,30.69,174.45,-0.0436
11.314,0.3156,0.2741,0.3571,0,0,2,0.1768,36.7715,33.3925,12.22,30.64,174.91,-0.0432
11.325,0.2989,0.2664,0.3315,0,0,2,0.1766,35.7747,33.9877,12.92,29.09,174.91,-0.0431
11.342,0.2594,0.2156,0.3033,0,0,2,0.1763,36.8785,34.3906,12.62,28.19,175.16,-0.0431
11.356,0.2227,0.1998,0.2455,0,0,2,0.1761,35.6407,31.3957,12.94,27.67,175.23,-0.0433
11.372,0.2219,0.1899,0.2538,0,0,2,0.1759,36.7603,32.7526,11.51,27.85,174.63,-0.0433
11.388,0.2266,0.1965,0.2567,0,0,2,0.1756,36.3714,31.7654,12.56,27.37,174.80,-0.0433
11.417,0.2403,0.1961,0.2845,0,0,2,0.1752,37.3006,31.5862,12.07,28.19,174.64,-0.0434
11.439,0.2287,0.1840,0.2734,0,0,2,0.1748,36.7021,31.3521,11.73,27.49,174.30,-0.0431
11.463,0.2432,0.1956,0.2909,0,0,2,0.1745,37.4770,30.1899,11.77,28.01,174.23,-0.0435
11.495,0.2520,0.2120,0.2919,0,0,2,0.1740,37.8333,30.5831,13.10,27.94,174.36,-0.0442
11.541,0.2494,0.2060,0.2928,0,0,2,0.1733,38.4890,30.8406,12.43,28.19,174.19,-0.0443
11.559,0.2544,0.2107,0.2981,0,0,2,0.1730,37.8694,32.5183,12.65,28.00,174.16,-0.0445
11.588,0.2553,0.2104,0.3001,0,0,2,0.1726,37.6778,32.8807,12.83,27.77,174.54,-0.0443
11.604,0.2484,0.2118,0.2850,0,0,2,0.1724,38.2443,32.5248,12.66,27.75,174.84,-0.0439
11.620,0.2377,0.2177,0.2577,0,0,2,0.1721,38.0959,32.3581,12.71,27.06,175.06,-0.0436
11.623,0.2481,0.2152,0.2810,0,0,2,0.1721,37.7869,32.2210,11.89,27.14,175.06,-0.0431
11.647,0.2428,0.2168,0.2689,0,0,2,0.1717,37.7947,33.1479,10.56,27.91,174.73,-0.0429
11.654,0.2529,0.2218,0.2840,0,0,2,0.1716,37.3123,33.5786,9.65,28.37,174.36,-0.0427
11.672,0.2600,0.2315,0.2885,0,0,2,0.1714,38.1458,33.3814,10.09,28.49,174.19,-0.0427
11.686,0.2622,0.2332,0.2912,0,0,2,0.1711,37.3159,34.2631,10.29,28.90,174.29,-0.0428
11.702,0.2594,0.2315,0.2873,0,0,2,0.1709,38.3179,33.7752,10.38,28.38,174.64,-0.0430
11.718,0.2724,0.2323,0.3124,0,0,2,0.1707,38.5880,32.6228,10.10,27.76,174.49,-0.0435
11.739,0.2675,0.2305,0.3046,0,0,2,0.1704,39.0481,33.5311,10.33,27.60,174.73,-0.0435
11.780,0.2755,0.2352,0.3157,0,0,2,0.1698,38.1619,32.7604,11.36,26.93,174.64,-0.0445
11.812,0.2746,0.2389,0.3103,0,0,2,0.1693,37.9548,33.2902,11.59,27.49,174.76,-0.0447
11.843,0.2619,0.2351,0.2888,0,0,2,0.1689,39.7857,33.8051,11.45,28.51,174.43,-0.0446
11.868,0.2560,0.2322,0.2799,0,0,2,0.1685,37.8492,34.3777,11.51,28.61,174.52,-0.0441
11.878,0.2608,0.2417,0.2799,0,0,2,0.1684,38.6519,33.3914,11.31,28.77,174.69,-0.0446
11.895,0.2763,0.2377,0.3150,0,0,2,0.1681,38.7108,34.3793,11.06,29.08,174.59,-0.0441
11.911,0.2616,0.2416,0.2816,0,0,2,0.1679,38.4829,33.8863,11.18,28.96,174.88,-0.0434
11.927,0.2815,0.2370,0.3260,0,0,2,0.1677,37.7024,33.5776,10.66,28.86,174.93,-0.0439
11.955,0.2652,0.2356,0.2947,0,0,2,0.1673,37.0679,34.4150,11.48,28.11,175.26,-0.0436
11.972,0.2652,0.2293,0.3012,0,0,2,0.1671,36.2801,34.5933,10.31,28.37,174.79,-0.0437
11.989,0.2511,0.2332,0.2690,0,0,2,0.1668,37.0526,35.3173,10.14,27.91,175.06,-0.0427
12.016,0.2724,0.2366,0.3082,0,0,2,0.1664,36.8884,35.0555,8.24,27.49,174.23,-0.0429
12.020,0.2581,0.2441,0.2722,0,0,2,0.1664,36.4668,34.8929,7.66,27.67,174.21,-0.0433
12.062,0.2575,0.2512,0.2638,0,0,2,0.1658,36.5326,34.7858,6.37,28.88,173.86,-0.0432
12.083,0.2647,0.2492,0.2802,0,0,2,0.1655,37.0670,34.6070,5.27,30.09,173.44,-0.0425
12.117,0.2520,0.2385,0.2656,0,0,2,0.1651,37.6371,32.7425,6.10,30.03,173.50,-0.0425
12.140,0.2532,0.2389,0.2675,0,0,2,0.1647,37.3569,33.4409,6.81,29.92,173.52,-0.0426
12.147,0.2561,0.2409,0.2713,0,0,2,0.1646,36.7871,32.6794,7.39,28.18,173.71,-0.0432
12.169,0.2523,0.2434,0.2612,0,0,2,0.1644,36.4989,33.8010,7.61,28.07,174.42,-0.0434
12.208,0.2477,0.2390,0.2564,0,0,2,0.1638,36.1310,33.6382,8.14,27.39,174.83,-0.0434
12.240,0.2389,0.2328,0.2450,0,0,2,0.1634,34.8055,34.0578,8.78,27.33,175.16,-0.0434
12.267,0.2453,0.2287,0.2618,0,0,2,0.1630,34.8848,34.5298,9.25,27.55,175.06,-0.0436
12.302,0.2416,0.2413,0.2418,0,0,2,0.1626,36.5443,33.8802,7.45,29.09,174.89,-0.0432
12.317,0.2497,0.2469,0.2524,0,0,2,0.1624,38.4654,33.6204,6.01,29.63,174.61,-0.0427
12.347,0.2628,0.2292,0.2964,0,0,2,0.1620,37.8975,32.8987,5.03,30.00,174.03,-0.0424
12.379,0.2623,0.2342,0.2903,0,0,2,0.1616,37.9986,32.4899,5.14,30.02,174.33,-0.0426
12.409,0.2623,0.2305,0.2940,0,0,2,0.1612,38.1292,32.0183,5.98,30.16,174.69,-0.0422
12.440,0.2647,0.2278,0.3015,0,0,2,0.1608,37.8513,33.2511,5.42,30.79,174.53,-0.0422
12.471,0.2700,0.2362,0.3038,0,0,2,0.1604,38.7496,33.8905,5.62,31.30,174.36,-0.0428
12.500,0.2530,0.2369,0.2690,0,0,2,0.1600,38.7172,34.3089,6.93,44.96,-6.76,-0.0443
12.516,0.2470,0.2392,0.2548,0,0,2,0.1598,38.2801,34.0289,6.52,44.66,-7.01,-0.0444
12.532,0.2452,0.2308,0.2595,0,0,2,0.1596,37.5710,34.0743,8.41,43.77,-6.89,-0.0453
12.564,0.2545,0.2365,0.2725,0,0,2,0.1592,35.9963,34.3657,9.19,43.63,-6.92,-0.0449
12.597,0.2420,0.2291,0.2549,0,0,2,0.1588,36.0039,35.3812,10.59,42.29,-6.92,-0.0457
12.627,0.2697,0.2301,0.3093,0,0,2,0.1584,34.9846,35.5377,10.09,41.80,-7.45,-0.0451
12.658,0.2639,0.2270,0.3009,0,0,2,0.1580,35.5861,33.5322,10.35,26.53,174.31,-0.0455
12.688,0.2386,0.2240,0.2531,0,0,2,0.1576,35.4489,32.6481,9.83,26.61,174.43,-0.0452
12.718,0.2335,0.2105,0.2565,0,0,2,0.1573,35.7366,36.2116,10.22,25.23,174.37,-0.0454
12.750,0.2461,0.2088,0.2833,0,0,2,0.1569,34.2886,36.8697,10.27,24.56,174.44,-0.0452
12.781,0.2345,0.1938,0.2753,0,0,2,0.1565,34.2254,36.4661,10.52,24.67,174.71,-0.0448
12.813,0.2462,0.2135,0.2790,0,0,2,0.1561,34.2455,35.3281,10.00,25.61,174.81,-0.0440
12.844,0.2333,0.2168,0.2499,0,0,2,0.1557,35.0233,34.6174,9.34,25.97,174.73,-0.0437
12.875,0.2379,0.2171,0.2587,0,0,2,0.1553,34.9714,35.5173,8.77,25.58,174.46,-0.0440
12.906,0.2554,0.2238,0.2869,0,0,2,0.1550,34.7554,35.0504,8.87,25.88,174.55,-0.0434
12.938,0.2449,0.2121,0.2777,0,0,2,0.1546,34.0584,35.0846,9.32,25.62,174.60,-0.0441
12.970,0.2463,0.2124,0.2802,0,0,2,0.1542,34.2721,35.2042,9.49,26.02,174.80,-0.0441
12.998,0.2489,0.2205,0.2772,0,0,2,0.1539,34.8886,34.3556,9.76,26.35,174.89,-0.0440
13.014,0.2487,0.2103,0.2870,0,0,2,0.1537,34.4171,34.6200,9.01,26.03,174.76,-0.0439
13.030,0.2407,0.2169,0.2646,0,0,2,0.1535,33.6283,34.0473,8.58,26.00,174.80,-0.0442
13.045,0.2340,0.2145,0.2534,0,0,2,0.1533,33.6465,33.2882,8.18,25.94,175.04,-0.0442
13.062,0.2338,0.2163,0.2512,0,0,2,0.1531,34.1452,34.1798,8.59,26.16,175.06,-0.0440
13.094,0.2274,0.2202,0.2347,0,0,2,0.1527,34.0157,33.7225,8.83,25.87,175.17,-0.0443
13.125,0.2306,0.2178,0.2434,0,0,2,0.1524,34.5690,34.9607,9.14,26.20,175.27,-0.0440
13.156,0.2390,0.2150,0.2629,0,0,2,0.1520,35.1025,35.1450,8.07,26.90,175.17,-0.0436
13.188,0.2421,0.2150,0.2691,0,0,2,0.1516,34.3314,33.4811,8.96,26.69,175.30,-0.0434
13.218,0.2384,0.2205,0.2564,0,0,2,0.1513,37.2679,34.2720,8.82,26.39,174.79,-0.0433
13.233,0.2268,0.2011,0.2525,0,0,2,0.1511,35.5813,33.2720,9.33,26.97,174.27,-0.0440
13.250,0.2276,0.2015,0.2537,0,0,2,0.1509,37.0557,31.0650,9.24,27.24,174.26,-0.0444
13.265,0.2407,0.2006,0.2807,0,0,2,0.1508,38.8930,31.5565,8.91,42.38,-7.64,-0.0441
13.280,0.2323,0.1972,0.2674,0,0,2,0.1506,37.9277,33.0782,9.66,42.68,-7.48,-0.0443
13.311,0.2509,0.2119,0.2898,0,0,2,0.1502,37.1198,33.0576,9.27,43.27,-7.82,-0.0445
13.344,0.2244,0.2026,0.2462,0,0,2,0.1499,36.4055,32.8999,10.29,28.10,174.08,-0.0443
13.375,0.2298,0.1898,0.2697,0,0,2,0.1495,37.2199,33.7148,9.92,41.69,-7.18,-0.0439
13.406,0.2282,0.1841,0.2722,0,0,2,0.1492,36.0307,33.9534,9.52,41.61,-7.13,-0.0440
13.438,0.2097,0.1812,0.2382,1,1,2,0.1488,34.9853,33.7815,8.98,41.60,-6.91,-0.0441
13.468,0.2159,0.1840,0.2477,1,2,2,0.1485,34.6819,33.1089,8.50,41.15,-6.49,-0.0443
13.501,0.1980,0.1842,0.2119,1,3,2,0.1481,34.3516,33.8241,8.69,41.06,-6.02,-0.0445
13.532,0.2026,0.1817,0.2235,1,4,2,0.1478,35.7477,33.2414,7.96,25.96,174.60,-0.0446
13.561,0.2192,0.1911,0.2474,1,5,2,0.1475,35.5317,33.0727,7.99,25.62,174.62,-0.0448
13.578,0.2285,0.1954,0.2616,0,0,3,0.2209,36.8342,31.1335,7.29,25.28,174.81,-0.0448
13.610,0.2413,0.1919,0.2907,0,0,3,0.2204,37.3315,32.2171,6.10,25.15,174.88,-0.0448
13.639,0.2442,0.1954,0.2929,0,0,3,0.2200,37.6574,32.5651,5.04,24.71,175.06,-0.0452
13.671,0.2482,0.1986,0.2978,0,0,3,0.2194,37.7369,32.2782,4.55,24.17,175.53,-0.0452
13.702,0.2452,0.2016,0.2887,0,0,3,0.2189,37.4965,32.5490,4.66,23.77,176.07,-0.0458
13.734,0.2492,0.2046,0.2937,0,0,3,0.2184,37.4457,32.0499,4.10,23.45,176.69,-0.0455
13.764,0.2311,0.2059,0.2562,0,0,3,0.2180,36.6126,32.0679,4.05,22.67,176.88,-0.0457
13.795,0.2325,0.2044,0.2606,0,0,3,0.2175,36.7544,32.7072,3.96,22.67,177.44,-0.0458
13.811,0.2496,0.2049,0.2943,0,0,3,0.2172,36.1368,32.7838,3.28,23.05,177.36,-0.0460
13.826,0.2486,0.2074,0.2899,0,0,3,0.2170,36.1196,32.5354,3.59,22.95,177.62,-0.0458
13.842,0.2354,0.2049,0.2659,0,0,3,0.2167,36.8847,32.9110,3.24,22.90,177.54,-0.0457
13.857,0.2063,0.1720,0.2406,1,1,3,0.2165,35.8805,32.2517,3.66,22.29,177.90,-0.0459
13.873,0.1072,0.0878,0.1265,1,2,3,0.2162,38.7802,28.8140,3.22,21.55,177.92,-0.0458
13.888,0.0778,0.0632,0.0924,1,3,3,0.2160,35.6111,26.5178,2.82,20.15,177.53,-0.0458
13.903,0.0804,0.0581,0.1026,1,4,3,0.2158,35.0167,25.0761,2.26,20.87,177.57,-0.0449
13.918,0.0727,0.0597,0.0857,1,5,3,0.2155,35.0554,26.1837,2.48,20.55,177.19,-0.0446
13.936,0.0842,0.0665,0.1018,1,6,3,0.2153,36.9927,27.5357,2.51,20.97,176.85,-0.0444
13.966,0.1379,0.1035,0.1724,1,7,3,0.2148,37.7030,29.0090,2.74,22.92,176.37,-0.0444
13.996,0.1988,0.1578,0.2397,1,8,3,0.2144,36.3037,30.8911,3.52,24.34,176.16,-0.0447
14.028,0.2281,0.1886,0.2676,0,0,4,0.2851,36.3191,31.8598,3.37,24.73,175.57,-0.0449
14.058,0.2557,0.2053,0.3060,0,0,4,0.2845,35.5645,30.8676,4.80,25.63,175.83,-0.0445
14.090,0.2599,0.2170,0.3028,0,0,4,0.2839,35.5022,31.7651,5.61,24.02,176.07,-0.0449
14.120,0.2669,0.2098,0.3240,0,0,4,0.2833,36.1268,30.7967,5.22,24.83,176.55,-0.0446
14.152,0.2728,0.2205,0.3252,0,0,4,0.2826,35.8162,31.0433,5.35,24.32,176.94,-0.0449
14.183,0.2829,0.2431,0.3227,0,0,4,0.2820,35.8833,31.0618,4.95,24.29,177.19,-0.0448
14.215,0.2797,0.2499,0.3095,0,0,4,0.2814,36.4640,31.9161,4.17,24.34,177.30,-0.0448
14.244,0.2799,0.2474,0.3124,0,0,4,0.2808,36.6716,32.8296,4.35,23.25,177.69,-0.0453
14.261,0.2712,0.2411,0.3013,0,0,4,0.2805,35.9197,32.7867,4.33,23.55,178.06,-0.0452
14.289,0.2911,0.2596,0.3225,0,0,4,0.2799,36.3295,36.6084,5.84,22.60,178.36,-0.0458
14.323,0.2788,0.2536,0.3040,0,0,4,0.2793,36.6636,33.7098,5.65,22.64,178.24,-0.0460
14.352,0.2850,0.2579,0.3122,0,0,4,0.2787,36.2400,33.7713,8.33,39.23,-1.15,-0.0461
14.386,0.2889,0.2571,0.3206,0,0,4,0.2780,36.5119,35.4427,8.72,39.36,-1.28,-0.0465
14.417,0.2927,0.2639,0.3215,0,0,4,0.2774,36.1499,34.5705,6.77,23.82,178.46,-0.0462
14.421,0.2993,0.2757,0.3230,0,0,4,0.2774,37.6680,34.1725,6.54,24.60,178.34,-0.0460
14.459,0.2969,0.2720,0.3219,0,0,4,0.2766,37.5237,34.4660,6.61,24.18,178.35,-0.0459
14.494,0.2941,0.2687,0.3195,0,0,4,0.2760,37.1882,34.8610,6.82,23.34,178.36,-0.0465
14.526,0.2928,0.2684,0.3172,0,0,4,0.2754,36.9371,34.9746,6.58,22.74,178.34,-0.0464
14.554,0.2908,0.2698,0.3118,0,0,4,0.2748,36.9031,35.5700,7.61,21.82,178.14,-0.0469
14.585,0.2870,0.2586,0.3154,0,0,4,0.2743,35.9104,35.7334,8.37,21.76,178.05,-0.0470
14.606,0.2906,0.2691,0.3120,0,0,4,0.2739,36.7737,35.9506,8.63,22.35,177.81,-0.0470
14.636,0.2995,0.2806,0.3185,0,0,4,0.2733,37.9484,34.2423,8.14,23.77,177.40,-0.0465
14.648,0.3006,0.2785,0.3226,0,0,4,0.2731,37.3780,33.3048,8.26,24.49,177.00,-0.0459
14.668,0.3007,0.2794,0.3221,0,0,4,0.2727,37.0911,34.5131,8.35,24.86,176.03,-0.0459
14.684,0.3004,0.2758,0.3249,0,0,4,0.2724,36.9667,33.3984,7.58,25.71,175.25,-0.0451
14.710,0.2933,0.2670,0.3195,0,0,4,0.2719,36.9431,33.8925,7.47,25.20,174.94,-0.0448
14.748,0.2891,0.2597,0.3185,0,0,4,0.2712,37.5094,34.5446,7.45,25.26,174.77,-0.0445
14.773,0.2925,0.2710,0.3139,0,0,4,0.2708,37.8147,34.3044,7.35,25.33,174.68,-0.0444
14.798,0.2918,0.2771,0.3064,0,0,4,0.2703,37.3705,33.4175,7.08,26.29,175.06,-0.0439
14.836,0.2929,0.2736,0.3123,0,0,4,0.2696,37.1276,33.2881,7.36,26.53,175.13,-0.0433
14.848,0.2999,0.2805,0.3194,0,0,4,0.2694,37.5031,34.2523,6.97,26.62,174.95,-0.0432
14.861,0.3040,0.2872,0.3208,0,0,4,0.2692,37.4814,34.5126,7.06,26.56,174.92,-0.0433
14.887,0.2998,0.2885,0.3111,0,0,4,0.2687,36.9238,34.0776,7.04,26.66,175.20,-0.0431
14.902,0.3049,0.2905,0.3193,0,0,4,0.2684,36.4813,33.6785,7.21,26.73,175.25,-0.0432
14.915,0.3077,0.2878,0.3276,0,0,4,0.2682,36.4651,33.7052,7.61,26.45,175.26,-0.0436
14.931,0.3089,0.2860,0.3318,0,0,4,0.2679,35.9512,33.3351,7.02,26.33,175.30,-0.0436
14.961,0.3094,0.2858,0.3329,0,0,4,0.2674,36.3792,33.7685,6.84,26.00,175.50,-0.0438
14.972,0.3065,0.2822,0.3309,0,0,4,0.2672,36.9984,33.2863,6.98,25.85,175.53,-0.0439
15.018,0.3094,0.2861,0.3327,0,0,4,0.2664,36.2940,33.2826,6.82,25.68,175.72,-0.0440
15.048,0.3081,0.2816,0.3345,0,0,4,0.2658,35.9903,33.3883,6.57,25.44,175.81,-0.0438
15.074,0.3097,0.2817,0.3376,0,0,4,0.2654,36.3679,33.0702,6.10,25.44,175.96,-0.0436
15.092,0.3090,0.2882,0.3297,0,0,4,0.2650,36.2311,32.7025,5.30,25.52,175.89,-0.0435
15.128,0.3142,0.2831,0.3453,0,0,4,0.2644,37.6756,32.6407,4.47,26.46,176.04,-0.0434
15.149,0.3151,0.2802,0.3499,0,0,4,0.2641,38.2542,32.7859,4.11,26.81,175.82,-0.0432
15.170,0.3268,0.2871,0.3665,0,0,4,0.2637,37.5227,32.6136,4.41,26.76,176.11,-0.0435
15.190,0.3261,0.2831,0.3691,0,0,4,0.2633,38.1308,31.9859,4.72,27.07,176.12,-0.0435
15.222,0.3226,0.2862,0.3590,0,0,4,0.2628,38.0362,32.2416,4.64,27.40,176.43,-0.0435
15.267,0.3173,0.2802,0.3544,0,0,4,0.2620,37.0566,32.1966,4.37,27.45,176.10,-0.0438
15.283,0.3192,0.2801,0.3583,0,0,4,0.2617,37.3077,32.0131,4.36,27.08,176.29,-0.0439
15.299,0.3204,0.2859,0.3549,0,0,4,0.2615,37.6140,32.2989,4.67,26.38,176.51,-0.0439
15.313,0.3251,0.2873,0.3630,0,0,4,0.2612,37.7429,33.3482,4.46,25.57,176.51,-0.0445
15.331,0.3143,0.2840,0.3446,0,0,4,0.2609,36.9006,32.5826,4.41,25.51,176.61,-0.0454
15.345,0.3138,0.2763,0.3512,0,0,4,0.2607,37.0328,32.1324,4.88,25.79,176.86,-0.0460
15.362,0.3076,0.2761,0.3390,0,0,4,0.2604,36.8965,32.4723,5.23,25.77,177.03,-0.0458
15.376,0.3033,0.2692,0.3374,0,0,4,0.2602,36.7333,32.7227,5.80,25.38,177.15,-0.0463
15.408,0.2631,0.2278,0.2983,0,0,4,0.2596,37.7926,31.3306,5.86,24.31,177.01,-0.0467
15.423,0.2227,0.1974,0.2481,0,0,4,0.2593,36.0957,32.4524,5.97,23.16,177.80,-0.0462
15.440,0.1875,0.1769,0.1981,1,1,4,0.2591,36.7441,33.5459,6.45,21.09,177.43,-0.0469
15.456,0.2040,0.1800,0.2280,1,2,4,0.2588,37.5510,32.7623,6.67,20.25,177.72,-0.0467
15.472,0.2136,0.1800,0.2472,1,3,4,0.2585,36.4636,31.7980,5.37,21.25,177.80,-0.0460
15.488,0.2199,0.1941,0.2458,1,4,4,0.2583,36.7554,31.4848,4.50,21.94,177.50,-0.0458
15.503,0.2275,0.1999,0.2550,0,0,5,0.3225,36.8351,31.1814,4.77,22.32,177.70,-0.0455
15.520,0.2328,0.2081,0.2576,0,0,5,0.3222,36.8936,30.1232,4.02,23.31,177.26,-0.0456
15.553,0.2281,0.2082,0.2481,0,0,5,0.3215,36.5723,30.0993,4.21,23.53,177.07,-0.0462
15.585,0.2417,0.2025,0.2810,0,0,5,0.3208,36.7754,30.3544,3.57,24.89,176.61,-0.0456
15.617,0.2303,0.2083,0.2522,0,0,5,0.3202,37.1213,31.2064,4.81,25.03,176.55,-0.0456
15.649,0.2529,0.2101,0.2958,0,0,5,0.3195,37.5286,30.6848,4.92,25.88,176.31,-0.0447
15.663,0.2446,0.2178,0.2714,0,0,5,0.3192,37.2781,31.2361,4.77,26.04,176.25,-0.0446
15.680,0.2309,0.2169,0.2449,0,0,5,0.3189,38.0048,31.9310,5.63,25.49,175.86,-0.0446
15.696,0.2397,0.2220,0.2574,0,0,5,0.3186,36.4406,31.7542,5.63,26.28,175.56,-0.0446
15.709,0.2433,0.2104,0.2761,0,0,5,0.3183,36.3738,30.8643,5.79,26.01,175.32,-0.0441
15.725,0.2319,0.2191,0.2447,0,0,5,0.3180,36.0916,32.5175,6.62,25.57,175.01,-0.0437
15.760,0.2415,0.2163,0.2666,0,0,5,0.3173,35.4577,31.8043,8.13,23.98,175.05,-0.0440
15.791,0.2244,0.2159,0.2330,0,0,5,0.3166,35.5022,32.2239,8.65,22.84,174.70,-0.0446
15.806,0.2255,0.2172,0.2338,0,0,5,0.3163,35.9104,32.3089,8.58,22.77,174.92,-0.0442
15.822,0.2173,0.2113,0.2234,1,1,5,0.3160,35.9587,33.3058,8.16,22.44,174.89,-0.0440
15.839,0.2198,0.2118,0.2277,1,2,5,0.3157,35.2617,33.1038,7.88,22.55,174.83,-0.0437
15.852,0.2255,0.2109,0.2401,0,0,5,0.3154,35.4524,33.2536,7.75,22.70,175.00,-0.0434
15.869,0.2271,0.2176,0.2365,0,0,5,0.3151,35.2100,34.1956,7.26,23.37,175.01,-0.0433
15.884,0.2271,0.2184,0.2359,0,0,5,0.3148,36.4904,33.4842,6.59,23.87,174.92,-0.0435
15.903,0.2218,0.2132,0.2304,0,0,5,0.3144,36.3237,32.6071,6.79,24.27,175.03,-0.0437
15.936,0.2293,0.2171,0.2416,0,0,5,0.3138,36.5857,33.8584,7.97,23.97,175.41,-0.0439
15.965,0.2205,0.2169,0.2240,0,0,5,0.3132,35.7495,36.5336,8.90,23.51,175.51,-0.0448
15.984,0.2210,0.2115,0.2305,0,0,5,0.3128,36.3989,34.6434,7.96,24.78,175.51,-0.0446
16.015,0.2231,0.2099,0.2363,0,0,5,0.3122,37.0632,33.8147,7.34,25.35,175.53,-0.0447
16.046,0.2166,0.2129,0.2203,1,1,5,0.3116,37.1481,35.4762,7.73,25.43,175.78,-0.0448
16.079,0.2175,0.2112,0.2239,1,2,5,0.3110,37.7556,35.7064,8.79,25.24,175.89,-0.0448
16.110,0.2193,0.2082,0.2303,1,3,5,0.3104,37.9153,35.8246,8.47,25.69,175.83,-0.0445
16.140,0.2164,0.2092,0.2235,1,4,5,0.3098,37.8796,35.0907,8.19,25.93,175.69,-0.0441
16.155,0.2271,0.2097,0.2446,0,0,6,0.3714,37.6817,35.3632,7.80,25.98,175.73,-0.0439
16.170,0.2226,0.2108,0.2344,0,0,6,0.3710,37.5303,35.4616,8.25,25.57,175.57,-0.0440
16.189,0.2334,0.2111,0.2557,0,0,6,0.3706,36.5294,34.2847,8.17,25.39,175.73,-0.0436
16.216,0.2290,0.2175,0.2405,0,0,6,0.3700,35.4368,35.0313,8.56,24.63,175.82,-0.0439
16.232,0.2432,0.2173,0.2690,0,0,6,0.3696,35.0435,35.3021,8.78,24.75,176.04,-0.0437
16.246,0.2467,0.2161,0.2772,0,0,6,0.3693,36.0301,33.6255,8.84,25.01,176.10,-0.0435
16.262,0.2487,0.2097,0.2877,0,0,6,0.3690,36.0324,33.7116,8.64,25.40,175.77,-0.0435
16.279,0.2290,0.2123,0.2457,0,0,6,0.3686,36.5673,34.1455,9.28,25.60,175.63,-0.0436
16.312,0.2206,0.2043,0.2369,0,0,6,0.3678,36.2344,33.4594,9.01,26.71,175.63,-0.0427
16.342,0.2384,0.2175,0.2592,0,0,6,0.3672,36.6281,33.1963,9.21,28.15,175.66,-0.0423
16.373,0.2368,0.2124,0.2611,0,0,6,0.3664,37.7088,31.3892,8.28,28.25,175.11,-0.0421
16.404,0.2333,0.2281,0.2384,0,0,6,0.3658,35.8466,31.3289,9.27,28.52,175.41,-0.0422
16.436,0.2373,0.2230,0.2517,0,0,6,0.3651,36.9422,31.1863,8.83,29.89,174.79,-0.0426
16.466,0.2149,0.2033,0.2265,1,1,6,0.3644,35.3532,31.6485,8.88,29.95,175.08,-0.0427
16.497,0.2355,0.2051,0.2659,0,0,6,0.3637,36.8440,32.0844,7.98,29.71,174.33,-0.0430
16.528,0.2289,0.2063,0.2515,0,0,6,0.3630,36.6393,33.3170,9.33,28.53,174.29,-0.0432
16.558,0.2307,0.2205,0.2408,0,0,6,0.3624,36.5462,32.3309,9.18,28.07,174.40,-0.0431
16.574,0.2312,0.2190,0.2434,0,0,6,0.3620,36.6879,31.6082,8.01,27.73,174.10,-0.0436
16.606,0.2347,0.2257,0.2437,0,0,6,0.3613,34.9543,31.8441,8.74,27.85,174.49,-0.0428
16.636,0.2380,0.2260,0.2500,0,0,6,0.3607,35.8663,31.3146,8.74,27.63,174.63,-0.0429
16.667,0.2373,0.2303,0.2444,0,0,6,0.3600,35.5455,32.2109,9.42,27.27,174.96,-0.0425
16.698,0.2288,0.2256,0.2320,0,0,6,0.3593,35.9134,32.2800,8.72,27.24,174.93,-0.0428
16.729,0.2194,0.2206,0.2181,1,1,6,0.3587,34.5818,32.2876,9.08,27.13,174.76,-0.0428
16.745,0.2227,0.2241,0.2213,0,0,6,0.3583,35.9664,32.7305,9.68,26.48,175.05,-0.0426
16.777,0.2222,0.2198,0.2246,0,0,6,0.3576,34.4134,32.3428,9.19,26.84,175.00,-0.0425
16.808,0.2336,0.2214,0.2458,0,0,6,0.3570,35.6499,33.6413,9.52,25.96,175.22,-0.0426
16.839,0.2326,0.2144,0.2508,0,0,6,0.3563,35.3431,33.2728,9.21,25.15,175.28,-0.0431
16.871,0.2398,0.2175,0.2621,0,0,6,0.3556,37.1213,33.4653,9.97,41.41,-4.79,-0.0427
16.902,0.2487,0.2234,0.2740,0,0,6,0.3550,37.1047,32.6735,8.77,25.75,175.26,-0.0429
16.932,0.2501,0.2257,0.2744,0,0,6,0.3544,38.1327,33.9241,8.13,25.85,175.18,-0.0431
16.962,0.2428,0.2255,0.2601,0,0,6,0.3537,37.7751,34.1993,7.57,25.88,174.95,-0.0430
16.994,0.2493,0.2239,0.2747,0,0,6,0.3531,38.1603,33.9282,6.87,26.60,174.58,-0.0432
17.009,0.2473,0.2284,0.2663,0,0,6,0.3528,38.1889,34.5506,6.95,26.47,174.27,-0.0430
17.041,0.2524,0.2228,0.2819,0,0,6,0.3521,36.7298,33.9607,6.86,26.35,174.38,-0.0434
17.071,0.2556,0.2247,0.2866,0,0,6,0.3515,37.0834,34.7839,7.34,25.63,174.73,-0.0432
17.102,0.2556,0.2208,0.2905,0,0,6,0.3508,36.9546,34.2530,6.82,25.83,174.68,-0.0434
17.133,0.2493,0.2214,0.2771,0,0,6,0.3502,36.3677,34.5095,7.30,25.71,174.94,-0.0434
17.149,0.2414,0.2163,0.2665,0,0,6,0.3499,36.3303,34.3229,8.52,25.39,175.02,-0.0436
17.164,0.2336,0.1968,0.2703,0,0,6,0.3496,37.1567,33.9937,8.45,25.14,175.12,-0.0438
17.195,0.2166,0.1931,0.2401,1,1,6,0.3489,36.5258,33.0497,7.84,25.67,175.01,-0.0439
17.226,0.2176,0.1946,0.2406,1,2,6,0.3483,36.5718,33.1571,7.83,25.16,174.98,-0.0443
17.259,0.2208,0.1908,0.2508,0,0,6,0.3476,36.2962,33.2469,7.85,24.94,174.68,-0.0438
17.289,0.2397,0.2015,0.2779,0,0,6,0.3470,35.2091,34.7447,7.86,24.37,174.78,-0.0439
17.321,0.2416,0.1949,0.2883,0,0,6,0.3464,34.8889,34.9910,8.12,24.57,174.81,-0.0439
17.352,0.2465,0.2022,0.2908,0,0,6,0.3458,34.5695,35.1746,8.44,24.23,175.12,-0.0444
17.382,0.2224,0.1975,0.2473,0,0,6,0.3452,36.5371,34.5048,7.49,24.51,175.02,-0.0447
17.415,0.2330,0.2000,0.2660,0,0,6,0.3445,37.0715,33.5024,7.16,24.34,175.10,-0.0448
17.446,0.2396,0.2018,0.2774,0,0,6,0.3439,37.0692,33.3678,7.21,24.34,175.28,-0.0448
17.476,0.2453,0.2134,0.2773,0,0,6,0.3433,37.0453,33.4946,6.83,24.51,175.31,-0.0446
17.508,0.2576,0.2115,0.3038,0,0,6,0.3427,37.0360,33.1011,6.38,24.39,175.51,-0.0447
17.538,0.2471,0.2136,0.2806,0,0,6,0.3421,37.3877,33.3654,6.19,24.10,175.24,-0.0445
17.570,0.2399,0.2081,0.2716,0,0,6,0.3415,37.2527,34.6530,6.66,23.27,175.23,-0.0448
17.601,0.2433,0.2148,0.2718,0,0,6,0.3409,35.7259,34.7480,7.09,23.64,175.18,-0.0442
17.632,0.2564,0.2159,0.2969,0,0,6,0.3403,35.7873,34.5553,7.70,23.45,175.40,-0.0442
17.663,0.2587,0.2061,0.3113,0,0,6,0.3397,36.2613,34.2003,7.84,23.50,175.20,-0.0442
17.692,0.2582,0.2025,0.3139,0,0,6,0.3391,37.4503,33.9750,7.57,23.75,175.21,-0.0439
17.708,0.2573,0.2137,0.3009,0,0,6,0.3388,36.6746,33.6036,8.17,23.43,175.34,-0.0439
17.723,0.2441,0.2048,0.2834,0,0,6,0.3385,36.1410,33.6401,8.27,23.79,175.22,-0.0438
17.755,0.2532,0.2086,0.2977,0,0,6,0.3379,36.6221,34.1331,8.34,23.81,175.09,-0.0439
17.770,0.2547,0.2093,0.3001,0,0,6,0.3376,36.0225,33.0756,8.43,23.78,174.98,-0.0440
17.801,0.2584,0.2118,0.3050,0,0,6,0.3371,35.5163,32.5279,8.41,23.54,175.02,-0.0440
17.832,0.2611,0.2122,0.3099,0,0,6,0.3365,35.8670,32.7580,8.55,23.75,174.92,-0.0438
17.863,0.2591,0.2092,0.3089,0,0,6,0.3359,35.5076,33.0583,8.69,23.52,174.81,-0.0437
17.895,0.2591,0.2125,0.3057,0,0,6,0.3353,35.3648,33.0264,8.72,23.49,174.83,-0.0437
17.925,0.2570,0.2086,0.3055,0,0,6,0.3347,35.6310,33.6856,8.84,23.76,174.78,-0.0436
17.955,0.2541,0.2069,0.3013,0,0,6,0.3342,35.6608,33.9030,9.10,23.41,174.67,-0.0437
17.972,0.2504,0.2126,0.2882,0,0,6,0.3338,35.8877,34.6559,9.39,23.21,174.74,-0.0436
17.988,0.2483,0.2102,0.2864,0,0,6,0.3336,35.0411,34.5911,9.41,23.58,174.74,-0.0436
18.020,0.2404,0.2060,0.2749,0,0,6,0.3330,35.7068,34.7912,9.52,23.07,174.63,-0.0437
18.051,0.2431,0.2047,0.2815,0,0,6,0.3324,35.4850,35.0237,9.48,23.00,174.71,-0.0438
18.081,0.2313,0.2029,0.2597,0,0,6,0.3318,35.6461,34.8596,9.65,23.12,174.76,-0.0438
18.113,0.2295,0.2027,0.2564,0,0,6,0.3312,35.3683,35.2692,9.52,23.47,174.80,-0.0437
18.142,0.2316,0.2070,0.2562,0,0,6,0.3307,35.5281,35.7084,9.65,23.72,174.86,-0.0438
18.157,0.2246,0.1919,0.2573,0,0,6,0.3305,35.6194,34.6238,9.54,23.37,174.84,-0.0439
18.173,0.2172,0.1824,0.2519,1,1,6,0.3302,35.4310,33.7123,9.56,23.21,174.75,-0.0440
18.188,0.2246,0.1920,0.2572,0,0,6,0.3299,34.9698,34.3179,10.27,22.93,174.84,-0.0441
18.204,0.2219,0.1770,0.2669,0,0,6,0.3296,35.7469,32.2170,9.62,22.84,174.97,-0.0441
18.234,0.2288,0.1841,0.2735,0,0,6,0.3291,35.3326,34.0084,10.31,22.18,175.03,-0.0442
18.266,0.2273,0.1793,0.2753,0,0,6,0.3285,36.1876,33.1791,10.27,21.82,175.25,-0.0445
18.307,0.2362,0.1877,0.2847,0,0,6,0.3277,34.8932,33.6031,10.68,22.04,175.15,-0.0444
18.322,0.2296,0.1835,0.2758,0,0,6,0.3275,35.5075,33.9116,11.02,21.51,175.33,-0.0446
18.366,0.2242,0.1821,0.2663,0,0,6,0.3267,36.0936,34.1542,11.38,21.17,175.39,-0.0448
18.386,0.2346,0.1884,0.2808,0,0,6,0.3263,34.9010,33.1059,10.94,22.20,175.39,-0.0442
18.432,0.2329,0.1849,0.2809,0,0,6,0.3255,35.8967,32.7789,11.36,21.61,175.52,-0.0445
18.450,0.2236,0.1795,0.2677,0,0,6,0.3252,36.6596,33.1961,11.50,21.14,175.56,-0.0448
18.491,0.2322,0.1785,0.2858,0,0,6,0.3245,36.0126,32.9126,10.98,21.74,175.57,-0.0447
18.514,0.2311,0.1694,0.2929,0,0,6,0.3241,35.9625,31.9319,10.90,21.34,175.81,-0.0449
18.560,0.2250,0.1667,0.2834,0,0,6,0.3233,35.5532,31.5557,10.89,21.54,175.74,-0.0447
18.577,0.2326,0.1754,0.2899,0,0,6,0.3230,35.8818,31.3282,10.36,22.27,175.91,-0.0448
18.609,0.2381,0.1821,0.2941,0,0,6,0.3224,36.1474,31.0728,10.47,22.80,176.07,-0.0449
18.656,0.2362,0.1812,0.2912,0,0,6,0.3216,36.6040,32.2444,11.67,22.15,176.31,-0.0458
18.687,0.2336,0.1808,0.2864,0,0,6,0.3211,35.9427,32.0303,12.40,22.39,176.43,-0.0458
18.718,0.2430,0.1907,0.2953,0,0,6,0.3206,36.4919,32.3743,12.35,22.91,176.41,-0.0456
18.733,0.2413,0.1882,0.2945,0,0,6,0.3203,36.2292,31.4182,13.00,23.47,176.52,-0.0459
18.749,0.2475,0.1981,0.2969,0,0,6,0.3200,37.9821,31.9268,12.91,24.60,176.12,-0.0460
18.766,0.2288,0.2059,0.2518,0,0,6,0.3197,35.6825,31.9586,12.18,24.91,176.14,-0.0458
18.782,0.2300,0.2006,0.2594,0,0,6,0.3195,36.4462,33.4000,12.22,24.88,175.96,-0.0460
18.798,0.2287,0.2036,0.2538,0,0,6,0.3192,36.2467,32.7690,11.77,25.86,175.61,-0.0455
18.828,0.2436,0.1980,0.2892,0,0,6,0.3187,37.1013,30.9929,11.07,25.70,175.40,-0.0451
18.844,0.2419,0.2120,0.2717,0,0,6,0.3184,36.5317,32.1150,11.31,25.52,175.57,-0.0449
18.877,0.2455,0.2031,0.2879,0,0,6,0.3179,36.0779,33.9836,10.93,25.20,175.58,-0.0451
18.908,0.2397,0.1947,0.2848,0,0,6,0.3173,35.5432,31.1543,9.49,24.88,175.39,-0.0448
18.941,0.2484,0.2114,0.2854,0,0,6,0.3168,36.2946,33.3454,10.33,24.25,175.64,-0.0456
18.971,0.2363,0.1940,0.2785,0,0,6,0.3163,36.3568,31.5756,8.67,25.17,175.39,-0.0455
19.004,0.2514,0.1979,0.3048,0,0,6,0.3157,36.8731,31.5784,8.80,26.04,175.30,-0.0453
19.036,0.2410,0.1930,0.2889,0,0,6,0.3152,37.5933,32.2360,8.92,26.41,175.25,-0.0450
19.051,0.2402,0.1916,0.2887,0,0,6,0.3149,38.1349,33.4107,7.50,26.80,174.95,-0.0449
19.067,0.2485,0.1940,0.3029,0,0,6,0.3147,37.8313,32.2422,7.20,27.36,174.88,-0.0443
19.082,0.2462,0.2045,0.2879,0,0,6,0.3144,37.1616,34.2361,6.44,27.13,174.22,-0.0443
19.099,0.2339,0.1960,0.2717,0,0,6,0.3142,39.2402,34.0685,6.21,26.32,174.13,-0.0441
19.112,0.2377,0.1995,0.2760,0,0,6,0.3139,38.3175,33.9607,6.68,25.60,174.20,-0.0446
19.144,0.2477,0.2050,0.2905,0,0,6,0.3134,37.0556,33.7692,7.48,25.13,174.12,-0.0445
19.163,0.2546,0.2134,0.2958,0,0,6,0.3131,37.1184,34.4458,8.03,24.64,174.29,-0.0445
19.179,0.2521,0.2141,0.2901,0,0,6,0.3128,36.8628,34.7700,8.33,24.52,174.33,-0.0445
19.194,0.2490,0.2113,0.2866,0,0,6,0.3126,36.1860,35.3265,7.86,24.87,174.33,-0.0447
19.211,0.2460,0.2003,0.2917,0,0,6,0.3123,36.1248,33.9890,7.90,25.27,174.25,-0.0449
19.243,0.2354,0.2017,0.2690,0,0,6,0.3118,38.0158,34.0950,7.53,25.18,174.15,-0.0449
19.275,0.2476,0.1992,0.2960,0,0,6,0.3113,37.9865,33.3702,7.95,24.83,174.16,-0.0444
19.306,0.2390,0.2000,0.2781,0,0,6,0.3108,37.5605,33.5158,8.04,24.75,174.07,-0.0445
19.336,0.2460,0.2008,0.2912,0,0,6,0.3103,36.6614,32.8448,7.90,25.54,174.23,-0.0445
19.369,0.2488,0.2048,0.2928,0,0,6,0.3098,38.2009,33.3530,7.46,26.48,173.90,-0.0445
19.390,0.2408,0.2004,0.2812,0,0,6,0.3094,38.1173,33.1224,7.35,26.69,174.06,-0.0442
19.416,0.2373,0.1993,0.2753,0,0,6,0.3090,37.8534,31.9536,7.41,26.54,173.93,-0.0440
19.432,0.2401,0.1945,0.2856,0,0,6,0.3088,37.2037,31.6937,7.04,26.80,174.04,-0.0440
19.449,0.2389,0.1982,0.2795,0,0,6,0.3085,37.0936,31.0232,7.00,26.39,174.25,-0.0441
19.462,0.2400,0.1967,0.2834,0,0,6,0.3083,37.3768,32.4987,7.94,25.82,174.22,-0.0442
19.495,0.2268,0.1857,0.2680,0,0,6,0.3078,36.8156,30.3464,7.78,25.62,174.18,-0.0441
19.511,0.2411,0.1868,0.2955,0,0,6,0.3075,36.7665,31.2179,7.67,25.86,174.28,-0.0437
19.527,0.2269,0.1920,0.2619,0,0,6,0.3073,36.1475,32.4601,7.70,25.50,174.32,-0.0441
19.543,0.2274,0.1955,0.2593,0,0,6,0.3070,35.7899,32.4413,7.96,25.59,174.36,-0.0440
19.559,0.2311,0.1962,0.2660,0,0,6,0.3068,36.0380,32.3490,8.07,25.19,174.26,-0.0442
19.575,0.2294,0.1876,0.2713,0,0,6,0.3065,36.2521,32.5480,8.50,24.84,174.44,-0.0446
19.589,0.2232,0.1874,0.2590,0,0,6,0.3063,36.3114,31.5773,9.00,25.00,174.44,-0.0447
19.605,0.2377,0.1959,0.2795,0,0,6,0.3060,36.1442,31.6900,9.08,24.68,174.47,-0.0451
19.620,0.2401,0.1912,0.2889,0,0,6,0.3058,36.3716,30.7148,9.01,24.50,174.43,-0.0449
19.636,0.2294,0.1942,0.2646,0,0,6,0.3056,35.4915,31.1579,9.74,24.64,174.63,-0.0449
19.670,0.2368,0.1945,0.2790,0,0,6,0.3050,36.3659,31.5907,10.07,24.46,174.37,-0.0447
19.703,0.2350,0.1936,0.2764,0,0,6,0.3045,35.6522,31.0552,9.74,24.44,174.45,-0.0448
19.734,0.2426,0.1949,0.2903,0,0,6,0.3040,35.4697,30.1502,9.56,24.53,174.34,-0.0446
19.747,0.2437,0.1912,0.2962,0,0,6,0.3038,36.3623,30.0380,9.35,24.58,174.57,-0.0445
19.766,0.2380,0.2021,0.2739,0,0,6,0.3036,36.6838,32.1221,9.63,24.71,174.60,-0.0443
19.782,0.2367,0.1942,0.2793,0,0,6,0.3033,36.7005,31.2722,9.17,24.68,174.49,-0.0444
19.798,0.2389,0.1985,0.2793,0,0,6,0.3031,36.3212,31.2222,9.11,24.73,174.62,-0.0443
19.810,0.2427,0.1968,0.2886,0,0,6,0.3029,36.9724,31.1529,9.19,24.85,174.45,-0.0442
19.828,0.2452,0.2001,0.2903,0,0,6,0.3026,36.4338,29.4844,9.26,25.13,174.47,-0.0444
19.862,0.2437,0.1958,0.2916,0,0,6,0.3021,36.5134,30.0049,9.12,24.78,174.25,-0.0446
19.893,0.2455,0.1989,0.2921,0,0,6,0.3016,36.0711,29.4722,8.93,24.95,174.24,-0.0444
19.908,0.2434,0.1955,0.2913,0,0,6,0.3014,35.2247,29.9812,9.61,24.71,174.24,-0.0443
19.927,0.2425,0.1949,0.2900,0,0,6,0.3011,35.1171,30.6503,10.78,24.40,174.27,-0.0447
19.956,0.2413,0.1925,0.2902,0,0,6,0.3007,35.2310,31.0621,10.31,24.35,174.23,-0.0445
19.986,0.2432,0.1929,0.2936,0,0,6,0.3002,35.7997,31.1518,10.60,24.20,174.23,-0.0445
20.017,0.2427,0.1931,0.2923,0,0,6,0.2997,35.8368,30.8279,10.66,24.63,174.20,-0.0440
20.052,0.2427,0.1932,0.2922,0,0,6,0.2992,36.1280,30.8266,10.76,24.74,174.29,-0.0436
20.084,0.2306,0.1936,0.2676,0,0,6,0.2987,35.8196,33.7708,11.18,24.51,174.30,-0.0438
20.116,0.2335,0.1948,0.2723,0,0,6,0.2983,35.0535,34.4626,11.65,24.67,174.44,-0.0440
20.142,0.2379,0.1956,0.2802,0,0,6,0.2979,35.4516,33.5008,11.32,25.18,174.23,-0.0440
20.161,0.2321,0.1894,0.2748,0,0,6,0.2976,36.7791,33.1991,11.03,26.04,174.26,-0.0437
20.177,0.2343,0.1994,0.2692,0,0,6,0.2974,37.6327,33.4775,11.54,26.23,173.97,-0.0437
20.193,0.2414,0.2007,0.2821,0,0,6,0.2971,36.8374,32.7250,11.34,26.62,173.75,-0.0436
20.226,0.2365,0.1839,0.2891,0,0,6,0.2966,35.4123,34.1355,11.29,26.49,173.41,-0.0436
20.255,0.2360,0.1961,0.2759,0,0,6,0.2962,35.7659,33.5795,11.58,26.98,173.32,-0.0431
20.290,0.2515,0.1962,0.3068,0,0,6,0.2957,35.8251,33.2122,11.40,27.12,173.14,-0.0433
20.305,0.2546,0.2121,0.2972,0,0,6,0.2955,34.4169,30.5671,11.62,26.74,173.24,-0.0435
20.319,0.2678,0.2345,0.3012,0,0,6,0.2953,34.8382,30.3115,11.41,26.91,173.17,-0.0434
20.338,0.2782,0.2394,0.3169,0,0,6,0.2950,35.0488,30.0958,10.75,27.12,173.35,-0.0432
20.352,0.2795,0.2488,0.3102,0,0,6,0.2948,34.4818,30.5158,10.49,26.85,173.23,-0.0433
20.370,0.2857,0.2517,0.3197,0,0,6,0.2946,34.7658,30.1460,10.67,26.66,173.56,-0.0434
20.385,0.2859,0.2567,0.3152,0,0,6,0.2943,34.3954,29.7135,10.37,26.79,173.56,-0.0433
20.402,0.2898,0.2618,0.3178,0,0,6,0.2941,33.4570,28.2945,10.26,27.75,173.64,-0.0432
20.436,0.2916,0.2722,0.3110,0,0,6,0.2936,32.4610,26.9686,10.16,27.69,173.59,-0.0435
20.466,0.2929,0.2702,0.3155,0,0,6,0.2932,33.4072,26.5142,10.42,28.37,173.75,-0.0437
20.498,0.2994,0.2737,0.3251,0,0,6,0.2927,33.2958,26.6611,11.05,29.02,174.00,-0.0433
20.531,0.3151,0.2881,0.3421,0,0,6,0.2922,34.0214,27.0011,10.31,29.29,173.68,-0.0434
20.562,0.2964,0.2728,0.3199,0,0,6,0.2918,35.3858,29.3550,10.16,28.75,173.62,-0.0439
20.592,0.2749,0.2536,0.2962,0,0,6,0.2914,36.9858,31.0667,10.28,28.79,173.71,-0.0436
20.626,0.2841,0.2701,0.2981,0,0,6,0.2909,36.0202,32.2724,10.40,28.51,173.95,-0.0435
20.658,0.2856,0.2725,0.2986,0,0,6,0.2904,36.0879,32.5573,9.97,28.21,173.94,-0.0435
20.690,0.2820,0.2652,0.2987,0,0,6,0.2900,36.4467,32.4191,9.69,28.33,174.15,-0.0436
20.703,0.2858,0.2712,0.3004,0,0,6,0.2898,36.3682,32.4774,9.54,28.35,174.09,-0.0436
20.721,0.2889,0.2730,0.3048,0,0,6,0.2896,36.1508,32.3330,8.63,28.77,174.20,-0.0434
20.737,0.2964,0.2766,0.3162,0,0,6,0.2893,35.6765,32.3051,7.82,28.73,173.90,-0.0432
20.753,0.2916,0.2770,0.3063,0,0,6,0.2891,36.5592,33.0944,7.82,28.83,173.85,-0.0435
20.768,0.2977,0.2764,0.3189,0,0,6,0.2889,36.1560,32.4373,7.26,28.56,173.97,-0.0440
20.780,0.2920,0.2706,0.3133,0,0,6,0.2887,36.2476,32.1100,7.67,28.52,174.11,-0.0441
20.799,0.2863,0.2697,0.3028,0,0,6,0.2885,37.5261,32.9014,7.29,28.78,174.14,-0.0437
20.815,0.2920,0.2730,0.3110,0,0,6,0.2882,38.1944,32.7655,6.85,29.16,174.26,-0.0434
20.842,0.2913,0.2728,0.3097,0,0,6,0.2879,37.8832,32.8585,6.48,29.81,174.09,-0.0433
20.868,0.2952,0.2634,0.3269,0,0,6,0.2875,36.7566,32.6822,6.14,29.76,174.45,-0.0434
20.884,0.2949,0.2645,0.3252,0,0,6,0.2873,37.3111,32.4088,6.55,30.37,174.42,-0.0433
20.899,0.3020,0.2693,0.3346,0,0,6,0.2871,36.4776,34.1451,7.11,30.15,174.33,-0.0433
20.923,0.3080,0.2754,0.3405,0,0,6,0.2868,36.1665,33.8820,7.79,29.56,174.50,-0.0434
20.945,0.3138,0.2837,0.3440,0,0,6,0.2865,36.4580,33.2925,7.87,29.13,174.35,-0.0434
20.974,0.3091,0.2706,0.3475,0,0,6,0.2861,36.7835,33.2630,9.19,28.67,174.30,-0.0436
21.006,0.3040,0.2702,0.3377,0,0,6,0.2856,36.7736,32.9612,11.08,28.22,174.26,-0.0447
21.032,0.2929,0.2664,0.3194,0,0,6,0.2853,36.4200,33.7026,12.44,26.98,174.52,-0.0468
21.068,0.2920,0.2681,0.3158,0,0,6,0.2848,36.8648,34.3013,12.64,26.20,174.69,-0.0465
21.089,0.2954,0.2669,0.3238,0,0,6,0.2845,36.3055,34.7499,12.20,25.10,174.88,-0.0462
21.128,0.2877,0.2540,0.3215,0,0,6,0.2840,37.1962,33.3682,12.95,24.34,175.28,-0.0458
21.167,0.2999,0.2661,0.3338,0,0,6,0.2835,36.4630,33.1028,12.68,25.13,175.16,-0.0453
21.198,0.2987,0.2670,0.3304,0,0,6,0.2830,36.4746,33.0968,12.12,25.24,175.35,-0.0449
21.226,0.2967,0.2637,0.3298,0,0,6,0.2827,36.3507,33.1149,11.81,25.44,175.40,-0.0447
21.245,0.2982,0.2666,0.3298,0,0,6,0.2824,35.6501,33.7978,11.67,25.48,175.46,-0.0446
21.275,0.2943,0.2615,0.3271,0,0,6,0.2820,35.5079,33.7047,11.93,25.39,175.45,-0.0449
21.307,0.2945,0.2581,0.3308,0,0,6,0.2816,35.6375,33.4130,12.14,25.35,175.56,-0.0447
21.339,0.2788,0.2486,0.3089,0,0,6,0.2812,36.4730,33.5960,12.27,24.75,175.56,-0.0449
21.357,0.2220,0.1877,0.2564,0,0,6,0.2809,36.3903,33.1553,11.53,23.87,175.34,-0.0455
21.373,0.2150,0.1826,0.2474,1,1,6,0.2807,36.5800,33.6007,9.51,41.25,-6.03,-0.0449
21.388,0.2088,0.1820,0.2357,1,2,6,0.2805,36.5077,33.6444,9.62,23.87,174.83,-0.0449
21.403,0.2023,0.1800,0.2247,1,3,6,0.2803,35.1294,34.4233,11.40,23.48,175.33,-0.0453
21.418,0.2221,0.1795,0.2646,0,0,7,0.3268,36.8683,33.7113,10.50,40.13,-5.91,-0.0448
21.436,0.2217,0.1848,0.2586,0,0,7,0.3265,34.4831,33.6963,11.90,23.48,175.10,-0.0454
21.451,0.2263,0.1852,0.2673,0,0,7,0.3263,35.8883,33.9079,12.45,23.15,174.89,-0.0455
21.468,0.2073,0.1791,0.2355,1,1,7,0.3261,35.3086,33.9223,12.69,23.47,174.84,-0.0451
21.483,0.2054,0.1686,0.2423,1,2,7,0.3258,35.7299,31.6460,12.80,22.78,174.70,-0.0455
21.500,0.2147,0.1794,0.2500,1,3,7,0.3256,35.0012,33.0227,13.47,22.48,174.41,-0.0455
21.509,0.2236,0.1747,0.2725,0,0,8,0.3719,35.4686,31.7626,13.15,22.66,174.22,-0.0453
21.523,0.2201,0.1782,0.2619,0,0,8,0.3717,34.8266,33.7650,14.14,22.65,174.34,-0.0458
21.539,0.2220,0.1785,0.2655,0,0,8,0.3714,36.1555,31.8688,13.66,22.68,174.10,-0.0454
21.571,0.2187,0.1725,0.2649,1,1,8,0.3709,35.7447,31.7015,13.79,22.21,174.35,-0.0453
21.612,0.2168,0.1754,0.2581,1,2,8,0.3702,35.1143,31.9504,13.73,22.40,174.52,-0.0455
21.634,0.2154,0.1775,0.2533,1,3,8,0.3698,34.9698,32.4802,13.41,22.83,174.51,-0.0453
21.677,0.2134,0.1775,0.2492,1,4,8,0.3691,35.1657,32.1383,12.79,23.06,174.46,-0.0450
21.698,0.2251,0.1836,0.2666,0,0,9,0.4148,35.1688,32.2675,12.61,23.35,174.54,-0.0447
21.729,0.2259,0.1902,0.2616,0,0,9,0.4142,34.3502,33.1285,13.08,23.23,174.65,-0.0448
21.773,0.2269,0.1850,0.2689,0,0,9,0.4134,34.3990,32.6810,12.79,23.35,174.73,-0.0448
21.777,0.2225,0.1803,0.2646,0,0,9,0.4133,34.3388,33.2375,13.20,23.52,174.64,-0.0449
21.794,0.2313,0.1919,0.2707,0,0,9,0.4130,35.0324,31.3537,12.61,23.94,174.31,-0.0448
21.809,0.2357,0.1856,0.2859,0,0,9,0.4127,36.1367,30.3716,12.03,24.36,174.33,-0.0450
21.826,0.2355,0.1933,0.2778,0,0,9,0.4123,36.6926,30.7575,11.12,24.66,174.07,-0.0448
21.841,0.2439,0.1918,0.2961,0,0,9,0.4121,36.3555,31.4071,11.15,24.32,174.33,-0.0444
21.873,0.2306,0.1868,0.2745,0,0,9,0.4115,35.0761,31.8631,9.78,24.38,174.06,-0.0441
21.906,0.2332,0.1901,0.2764,0,0,9,0.4109,34.4996,31.6203,8.78,24.84,174.05,-0.0438
21.937,0.2395,0.1964,0.2826,0,0,9,0.4103,34.5767,31.4065,9.40,25.27,174.32,-0.0433
21.973,0.2387,0.1995,0.2780,0,0,9,0.4096,34.8573,31.4838,9.87,25.41,174.56,-0.0434
21.997,0.2421,0.1950,0.2891,0,0,9,0.4091,34.8310,31.5473,10.46,26.05,174.67,-0.0436
22.029,0.2332,0.1996,0.2669,0,0,9,0.4085,35.7446,32.0264,10.59,25.84,174.64,-0.0437
22.046,0.2374,0.2044,0.2704,0,0,9,0.4082,34.5452,32.6973,10.05,25.99,174.60,-0.0439
22.083,0.2393,0.2045,0.2742,0,0,9,0.4076,33.4529,33.0742,10.33,25.98,174.76,-0.0438
22.121,0.2395,0.2007,0.2784,0,0,9,0.4069,35.1342,33.5889,10.83,26.14,174.87,-0.0433
22.144,0.2324,0.1992,0.2656,0,0,9,0.4064,33.9944,32.9833,10.78,26.30,174.53,-0.0436
22.172,0.2267,0.2009,0.2524,0,0,9,0.4059,33.4671,33.2112,10.83,25.94,174.39,-0.0438
22.199,0.2325,0.1997,0.2653,0,0,9,0.4054,33.7199,31.6376,11.11,25.98,174.35,-0.0430
22.228,0.2389,0.1998,0.2781,0,0,9,0.4049,33.3011,31.6142,10.49,26.02,174.08,-0.0425
22.262,0.2427,0.1980,0.2874,0,0,9,0.4043,33.1764,31.6993,10.50,25.70,173.64,-0.0431
22.295,0.2327,0.1972,0.2681,0,0,9,0.4037,34.4215,30.8965,11.28,25.84,173.74,-0.0428
22.326,0.2441,0.2014,0.2867,0,0,9,0.4031,36.1761,29.1611,11.14,26.59,173.91,-0.0428
22.357,0.2431,0.2077,0.2786,0,0,9,0.4026,35.9379,30.2055,12.26,26.26,173.67,-0.0428
22.387,0.2450,0.2018,0.2882,0,0,9,0.4020,34.8127,29.1646,12.04,26.69,173.33,-0.0431
22.418,0.2562,0.2113,0.3011,0,0,9,0.4015,34.7070,30.6691,11.88,26.80,172.97,-0.0429
22.450,0.2530,0.2108,0.2952,0,0,9,0.4009,34.4541,31.5165,12.63,27.13,172.90,-0.0425
22.481,0.2514,0.1973,0.3056,0,0,9,0.4003,36.7575,30.4335,12.51,27.57,173.09,-0.0420
22.512,0.2472,0.1995,0.2950,0,0,9,0.3998,35.7752,30.1220,13.43,28.25,172.88,-0.0417
22.526,0.2454,0.1958,0.2950,0,0,9,0.3995,37.2619,30.3473,12.25,42.03,-8.69,-0.0411
22.542,0.2401,0.1912,0.2889,0,0,9,0.3992,36.0840,30.7135,14.36,29.18,173.21,-0.0411
22.557,0.2411,0.2022,0.2801,0,0,9,0.3990,36.1860,32.4605,14.91,29.84,173.67,-0.0405
22.572,0.2408,0.2040,0.2776,0,0,9,0.3987,35.3632,30.8537,15.08,30.26,173.72,-0.0401
22.588,0.2648,0.2065,0.3230,0,0,9,0.3985,35.7955,32.8367,14.49,30.78,173.56,-0.0404
22.603,0.2692,0.2116,0.3267,0,0,9,0.3982,34.6971,32.7707,14.30,30.98,173.64,-0.0404
22.618,0.2666,0.2176,0.3156,0,0,9,0.3979,34.7223,31.8388,13.95,30.91,173.49,-0.0404
22.633,0.2682,0.2097,0.3267,0,0,9,0.3977,35.0923,31.6035,13.74,31.37,173.36,-0.0402
22.649,0.2666,0.2143,0.3189,0,0,9,0.3974,34.9748,30.5568,15.04,31.19,173.70,-0.0400
22.663,0.2541,0.2125,0.2957,0,0,9,0.3971,34.0760,31.8817,15.44,31.16,173.95,-0.0399
22.679,0.2400,0.1786,0.3014,0,0,9,0.3968,34.2701,32.1368,15.21,31.01,173.80,-0.0400
22.695,0.1989,0.1491,0.2487,1,1,9,0.3966,32.6268,32.1067,15.08,31.71,173.55,-0.0397
22.710,0.1830,0.1314,0.2345,1,2,9,0.3963,31.0561,29.2617,14.66,31.80,173.41,-0.0397
22.726,0.1899,0.1316,0.2481,1,3,9,0.3960,31.3419,29.5123,14.76,31.23,172.93,-0.0401
