timestamp_sec,avg_ear,is_blinking_frame,blink_count_total,blink_rate_bps
0.074,0.2506,0,0,0.0000
0.291,0.2620,0,0,0.0000
0.309,0.2582,0,0,0.0000
0.325,0.2666,0,0,0.0000
0.341,0.2637,0,0,0.0000
0.358,0.2615,0,0,0.0000
0.379,0.2665,0,0,0.0000
0.395,0.2628,0,0,0.0000
0.410,0.2586,0,0,0.0000
0.424,0.2669,0,0,0.0000
0.440,0.2654,0,0,0.0000
0.456,0.2628,0,0,0.0000
0.472,0.2624,0,0,0.0000
0.487,0.2616,0,0,0.0000
0.503,0.2617,0,0,0.0000
0.519,0.2592,0,0,0.0000
0.536,0.2591,0,0,0.0000
0.552,0.2577,0,0,0.0000
0.568,0.2645,0,0,0.0000
0.584,0.2632,0,0,0.0000
0.599,0.2646,0,0,0.0000
0.615,0.2633,0,0,0.0000
0.631,0.2687,0,0,0.0000
0.647,0.2632,0,0,0.0000
0.662,0.2620,0,0,0.0000
0.678,0.2593,0,0,0.0000
0.693,0.2628,0,0,0.0000
0.710,0.2638,0,0,0.0000
0.725,0.2668,0,0,0.0000
0.741,0.2607,0,0,0.0000
0.758,0.2585,0,0,0.0000
0.773,0.2627,0,0,0.0000
0.789,0.2627,0,0,0.0000
0.805,0.2614,0,0,0.0000
0.819,0.2626,0,0,0.0000
0.834,0.2621,0,0,0.0000
0.849,0.2607,0,0,0.0000
0.864,0.2616,0,0,0.0000
0.881,0.2679,0,0,0.0000
0.897,0.2678,0,0,0.0000
0.911,0.2679,0,0,0.0000
0.927,0.2659,0,0,0.0000
0.942,0.2572,0,0,0.0000
0.958,0.2632,0,0,0.0000
0.973,0.2660,0,0,0.0000
0.990,0.2619,0,0,0.0000
1.005,0.2630,0,0,0.0000
1.022,0.2590,0,0,0.0000
1.037,0.2682,0,0,0.0000
1.052,0.2611,0,0,0.0000
1.067,0.2714,0,0,0.0000
1.082,0.2651,0,0,0.0000
1.098,0.2636,0,0,0.0000
1.113,0.2630,0,0,0.0000
1.128,0.2597,0,0,0.0000
1.144,0.2620,0,0,0.0000
1.160,0.2705,0,0,0.0000
1.176,0.2642,0,0,0.0000
1.192,0.2652,0,0,0.0000
1.207,0.2741,0,0,0.0000
1.223,0.2728,0,0,0.0000
1.238,0.2679,0,0,0.0000
1.254,0.2670,0,0,0.0000
1.270,0.2633,0,0,0.0000
1.285,0.2715,0,0,0.0000
1.301,0.2709,0,0,0.0000
1.316,0.2669,0,0,0.0000
1.332,0.2720,0,0,0.0000
1.347,0.2272,0,0,0.0000
1.363,0.2394,0,0,0.0000
1.379,0.2369,0,0,0.0000
1.395,0.2412,0,0,0.0000
1.411,0.2441,0,0,0.0000
1.426,0.2488,0,0,0.0000
1.442,0.2491,0,0,0.0000
1.458,0.2465,0,0,0.0000
1.475,0.2497,0,0,0.0000
1.491,0.2472,0,0,0.0000
1.507,0.2442,0,0,0.0000
1.524,0.2459,0,0,0.0000
1.541,0.2472,0,0,0.0000
1.563,0.2504,0,0,0.0000
1.579,0.2475,0,0,0.0000
1.599,0.2460,0,0,0.0000
1.614,0.2425,0,0,0.0000
1.631,0.2472,0,0,0.0000
1.651,0.2527,0,0,0.0000
1.671,0.2492,0,0,0.0000
1.689,0.2582,0,0,0.0000
1.707,0.2539,0,0,0.0000
1.724,0.2567,0,0,0.0000
1.742,0.2623,0,0,0.0000
1.760,0.2678,0,0,0.0000
1.780,0.2672,0,0,0.0000
1.796,0.2650,0,0,0.0000
1.815,0.2585,0,0,0.0000
1.833,0.2642,0,0,0.0000
1.851,0.2514,0,0,0.0000
1.869,0.2590,0,0,0.0000
1.885,0.2606,0,0,0.0000
1.903,0.2555,0,0,0.0000
1.919,0.2573,0,0,0.0000
1.934,0.2607,0,0,0.0000
1.951,0.2600,0,0,0.0000
1.965,0.2567,0,0,0.0000
1.981,0.2616,0,0,0.0000
1.996,0.2664,0,0,0.0000
2.011,0.2657,0,0,0.0000
2.027,0.2703,0,0,0.0000
2.043,0.2653,0,0,0.0000
2.059,0.2658,0,0,0.0000
2.074,0.2707,0,0,0.0000
2.091,0.2591,0,0,0.0000
2.106,0.2516,0,0,0.0000
2.121,0.2505,0,0,0.0000
2.137,0.2552,0,0,0.0000
2.153,0.2575,0,0,0.0000
2.172,0.2557,0,0,0.0000
2.187,0.2632,0,0,0.0000
2.231,0.2539,0,0,0.0000
2.247,0.2481,0,0,0.0000
2.263,0.2580,0,0,0.0000
2.279,0.2656,0,0,0.0000
2.295,0.2721,0,0,0.0000
2.311,0.2597,0,0,0.0000
2.327,0.2573,0,0,0.0000
2.343,0.2559,0,0,0.0000
2.358,0.2632,0,0,0.0000
2.374,0.2630,0,0,0.0000
2.390,0.2734,0,0,0.0000
2.406,0.2745,0,0,0.0000
2.422,0.2735,0,0,0.0000
2.438,0.2733,0,0,0.0000
2.453,0.2767,0,0,0.0000
2.468,0.2741,0,0,0.0000
2.484,0.2757,0,0,0.0000
2.498,0.2712,0,0,0.0000
2.514,0.2676,0,0,0.0000
2.529,0.2725,0,0,0.0000
2.545,0.2741,0,0,0.0000
2.560,0.2700,0,0,0.0000
2.575,0.2705,0,0,0.0000
2.590,0.2701,0,0,0.0000
2.605,0.2707,0,0,0.0000
2.622,0.2722,0,0,0.0000
2.638,0.2715,0,0,0.0000
2.655,0.2704,0,0,0.0000
2.670,0.2735,0,0,0.0000
2.685,0.2797,0,0,0.0000
2.700,0.2759,0,0,0.0000
2.716,0.2815,0,0,0.0000
2.731,0.2839,0,0,0.0000
2.747,0.2861,0,0,0.0000
2.763,0.2816,0,0,0.0000
2.779,0.2815,0,0,0.0000
2.794,0.2240,0,0,0.0000
2.810,0.0441,1,0,0.0000
2.825,0.0427,1,0,0.0000
2.840,0.0665,1,0,0.0000
2.855,0.0965,1,0,0.0000
2.872,0.1660,1,0,0.0000
2.887,0.2183,1,0,0.0000
2.903,0.2262,0,1,0.3445
2.918,0.2345,0,1,0.3427
2.934,0.2366,0,1,0.3409
2.950,0.2401,0,1,0.3390
2.965,0.2459,0,1,0.3372
2.982,0.2439,0,1,0.3353
2.999,0.2475,0,1,0.3334
3.015,0.2473,0,1,0.3317
3.031,0.2449,0,1,0.3299
3.046,0.2413,0,1,0.3283
3.061,0.2407,0,1,0.3267
3.077,0.2421,0,1,0.3250
3.093,0.2446,0,1,0.3234
3.109,0.2449,0,1,0.3216
3.124,0.2402,0,1,0.3201
3.139,0.2460,0,1,0.3185
3.155,0.2451,0,1,0.3170
3.171,0.2474,0,1,0.3154
3.186,0.2452,0,1,0.3138
3.202,0.2478,0,1,0.3123
3.220,0.2462,0,1,0.3105
3.237,0.2478,0,1,0.3090
3.254,0.2465,0,1,0.3073
3.270,0.2466,0,1,0.3058
3.286,0.2491,0,1,0.3044
3.303,0.2510,0,1,0.3028
3.320,0.2480,0,1,0.3012
3.336,0.2482,0,1,0.2997
3.354,0.2454,0,1,0.2981
3.370,0.2441,0,1,0.2967
3.387,0.2451,0,1,0.2952
3.405,0.2448,0,1,0.2936
3.422,0.2423,0,1,0.2922
3.439,0.2692,0,1,0.2908
3.455,0.2991,0,1,0.2894
3.472,0.3000,0,1,0.2880
3.489,0.3092,0,1,0.2866
3.505,0.3145,0,1,0.2853
3.521,0.3146,0,1,0.2840
3.537,0.3145,0,1,0.2827
3.554,0.3143,0,1,0.2814
3.570,0.3129,0,1,0.2801
3.587,0.3131,0,1,0.2788
3.604,0.3106,0,1,0.2775
3.620,0.3095,0,1,0.2762
3.636,0.3118,0,1,0.2751
3.651,0.3148,0,1,0.2739
3.667,0.3151,0,1,0.2727
3.682,0.3221,0,1,0.2716
3.699,0.3161,0,1,0.2703
3.715,0.3131,0,1,0.2692
3.731,0.3118,0,1,0.2680
3.748,0.3173,0,1,0.2668
3.764,0.3188,0,1,0.2657
3.780,0.3211,0,1,0.2645
3.797,0.3230,0,1,0.2634
3.812,0.3183,0,1,0.2624
3.827,0.3145,0,1,0.2613
3.843,0.3176,0,1,0.2602
3.859,0.3157,0,1,0.2591
3.875,0.3163,0,1,0.2581
3.890,0.3102,0,1,0.2571
3.906,0.3139,0,1,0.2560
3.922,0.3073,0,1,0.2550
3.937,0.3066,0,1,0.2540
3.952,0.3044,0,1,0.2530
3.967,0.3006,0,1,0.2521
3.982,0.3021,0,1,0.2511
3.997,0.3120,0,1,0.2502
4.014,0.3071,0,1,0.2491
4.028,0.3115,0,1,0.2482
4.043,0.3093,0,1,0.2474
4.058,0.3144,0,1,0.2464
4.073,0.3133,0,1,0.2455
4.090,0.3117,0,1,0.2445
4.106,0.3120,0,1,0.2436
4.121,0.3104,0,1,0.2426
4.138,0.3162,0,1,0.2417
4.153,0.3185,0,1,0.2408
4.168,0.2748,0,1,0.2399
4.183,0.1851,1,1,0.2391
4.200,0.1747,1,1,0.2381
4.216,0.1832,1,1,0.2372
4.232,0.2008,1,1,0.2363
4.247,0.2220,0,2,0.4709
4.263,0.2340,0,2,0.4691
4.279,0.2515,0,2,0.4674
4.296,0.2592,0,2,0.4656
4.311,0.2647,0,2,0.4639
4.327,0.2794,0,2,0.4622
4.342,0.2718,0,2,0.4606
4.357,0.2775,0,2,0.4590
4.373,0.2817,0,2,0.4573
4.389,0.2810,0,2,0.4557
4.404,0.2868,0,2,0.4541
4.421,0.2904,0,2,0.4524
4.436,0.2920,0,2,0.4508
4.452,0.2912,0,2,0.4493
4.466,0.2935,0,2,0.4478
4.483,0.2862,0,2,0.4461
4.499,0.2885,0,2,0.4445
4.516,0.2848,0,2,0.4429
4.531,0.2889,0,2,0.4414
4.547,0.2874,0,2,0.4399
4.563,0.2831,0,2,0.4383
4.578,0.2864,0,2,0.4369
4.593,0.2891,0,2,0.4354
4.609,0.2987,0,2,0.4339
4.626,0.2987,0,2,0.4324
4.641,0.2959,0,2,0.4309
4.657,0.2954,0,2,0.4295
4.672,0.2971,0,2,0.4281
4.688,0.3002,0,2,0.4267
4.705,0.3048,0,2,0.4251
4.719,0.3006,0,2,0.4238
4.734,0.2978,0,2,0.4224
4.751,0.2980,0,2,0.4210
4.767,0.3043,0,2,0.4195
4.783,0.3090,0,2,0.4182
4.798,0.3055,0,2,0.4168
4.813,0.3082,0,2,0.4155
4.829,0.3039,0,2,0.4142
4.845,0.3092,0,2,0.4128
4.860,0.3202,0,2,0.4115
4.875,0.3156,0,2,0.4102
4.890,0.3191,0,2,0.4090
4.905,0.3192,0,2,0.4077
4.922,0.3174,0,2,0.4064
4.937,0.3152,0,2,0.4051
4.953,0.3082,0,2,0.4038
4.968,0.3100,0,2,0.4026
4.984,0.3051,0,2,0.4013
5.000,0.3060,0,2,0.4000
5.015,0.3042,0,2,0.3988
5.030,0.3016,0,2,0.3976
5.046,0.3060,0,2,0.3964
5.061,0.3052,0,2,0.3952
5.077,0.3031,0,2,0.3940
5.093,0.3029,0,2,0.3927
5.108,0.3002,0,2,0.3915
5.123,0.3028,0,2,0.3904
5.139,0.3043,0,2,0.3892
5.155,0.3049,0,2,0.3880
5.170,0.3062,0,2,0.3868
5.186,0.3074,0,2,0.3856
5.202,0.3005,0,2,0.3845
5.220,0.3027,0,2,0.3831
5.237,0.3049,0,2,0.3819
5.252,0.3015,0,2,0.3808
5.267,0.2994,0,2,0.3798
5.282,0.3009,0,2,0.3787
5.298,0.3027,0,2,0.3775
5.313,0.3068,0,2,0.3764
5.329,0.3063,0,2,0.3753
5.345,0.3062,0,2,0.3742
5.361,0.3080,0,2,0.3731
5.376,0.3091,0,2,0.3720
5.392,0.3018,0,2,0.3709
5.408,0.3053,0,2,0.3698
5.423,0.3082,0,2,0.3688
5.439,0.3126,0,2,0.3677
5.454,0.3082,0,2,0.3667
5.470,0.3122,0,2,0.3657
5.486,0.3099,0,2,0.3646
5.501,0.3138,0,2,0.3636
5.516,0.3063,0,2,0.3626
5.531,0.3104,0,2,0.3616
5.548,0.3130,0,2,0.3605
5.564,0.3138,0,2,0.3595
5.578,0.2941,0,2,0.3585
5.594,0.2017,1,2,0.3575
5.610,0.1419,1,2,0.3565
5.628,0.1200,1,2,0.3554
5.643,0.1989,1,2,0.3544
5.659,0.2138,1,2,0.3534
5.675,0.2451,0,3,0.5286
5.691,0.2583,0,3,0.5272
5.706,0.2721,0,3,0.5258
5.722,0.2771,0,3,0.5243
5.738,0.2824,0,3,0.5229
5.753,0.2866,0,3,0.5214
5.768,0.2866,0,3,0.5201
5.785,0.2889,0,3,0.5186
5.800,0.2894,0,3,0.5173
5.815,0.2895,0,3,0.5159
5.831,0.2919,0,3,0.5145
5.847,0.2856,0,3,0.5131
5.862,0.2871,0,3,0.5118
5.878,0.2878,0,3,0.5104
5.895,0.2884,0,3,0.5089
5.911,0.2906,0,3,0.5076
5.927,0.2894,0,3,0.5062
5.943,0.2915,0,3,0.5048
5.958,0.2885,0,3,0.5035
5.974,0.2906,0,3,0.5022
5.989,0.2899,0,3,0.5009
6.005,0.2917,0,3,0.4996
6.021,0.2924,0,3,0.4983
6.036,0.2933,0,3,0.4970
6.051,0.2921,0,3,0.4958
6.068,0.2886,0,3,0.4944
6.084,0.2908,0,3,0.4931
6.098,0.2959,0,3,0.4919
6.114,0.2938,0,3,0.4907
6.129,0.2944,0,3,0.4894
6.145,0.2903,0,3,0.4882
6.161,0.2931,0,3,0.4870
6.178,0.2932,0,3,0.4856
6.193,0.2912,0,3,0.4844
6.210,0.2948,0,3,0.4831
8.372,0.2930,0,3,0.3583
8.388,0.2944,0,3,0.3577
8.403,0.2909,0,3,0.3570
8.419,0.2921,0,3,0.3563
8.434,0.2940,0,3,0.3557
8.450,0.2958,0,3,0.3550
8.466,0.2961,0,3,0.3544
8.482,0.2978,0,3,0.3537
8.496,0.2938,0,3,0.3531
8.511,0.2931,0,3,0.3525
8.527,0.2946,0,3,0.3518
8.542,0.2943,0,3,0.3512
8.558,0.2915,0,3,0.3505
8.574,0.2925,0,3,0.3499
8.590,0.2978,0,3,0.3493
8.605,0.2979,0,3,0.3487
8.619,0.3005,0,3,0.3481
8.634,0.2979,0,3,0.3474
8.650,0.2982,0,3,0.3468
8.666,0.2965,0,3,0.3462
8.680,0.2945,0,3,0.3456
8.695,0.2872,0,3,0.3450
8.711,0.2920,0,3,0.3444
8.726,0.3037,0,3,0.3438
8.742,0.3020,0,3,0.3432
8.757,0.2996,0,3,0.3426
8.772,0.2998,0,3,0.3420
8.787,0.2949,0,3,0.3414
8.802,0.2966,0,3,0.3408
8.818,0.2972,0,3,0.3402
8.833,0.2947,0,3,0.3396
8.848,0.2951,0,3,0.3391
8.864,0.2973,0,3,0.3385
8.881,0.2956,0,3,0.3378
8.896,0.2996,0,3,0.3372
8.911,0.2979,0,3,0.3366
8.927,0.3012,0,3,0.3361
8.942,0.3052,0,3,0.3355
8.958,0.3008,0,3,0.3349
8.973,0.2985,0,3,0.3343
8.988,0.2978,0,3,0.3338
9.004,0.2937,0,3,0.3332
9.018,0.2992,0,3,0.3327
9.033,0.2998,0,3,0.3321
9.049,0.2990,0,3,0.3315
9.064,0.3001,0,3,0.3310
9.079,0.2981,0,3,0.3304
9.096,0.2977,0,3,0.3298
9.111,0.3026,0,3,0.3293
9.127,0.2992,0,3,0.3287
9.143,0.2966,0,3,0.3281
9.158,0.2979,0,3,0.3276
9.173,0.3060,0,3,0.3271
9.187,0.3062,0,3,0.3265
9.203,0.3000,0,3,0.3260
9.218,0.3013,0,3,0.3254
9.234,0.3020,0,3,0.3249
9.249,0.2977,0,3,0.3244
9.264,0.3003,0,3,0.3238
9.280,0.2996,0,3,0.3233
9.295,0.3008,0,3,0.3228
9.310,0.2997,0,3,0.3222
9.326,0.2987,0,3,0.3217
9.341,0.2987,0,3,0.3212
9.357,0.2972,0,3,0.3206
9.373,0.2978,0,3,0.3201
9.388,0.2957,0,3,0.3195
9.404,0.2974,0,3,0.3190
9.419,0.2976,0,3,0.3185
9.434,0.2979,0,3,0.3180
9.449,0.2927,0,3,0.3175
9.466,0.2996,0,3,0.3169
9.482,0.2936,0,3,0.3164
9.498,0.2962,0,3,0.3159
9.513,0.2964,0,3,0.3154
9.528,0.2940,0,3,0.3148
9.545,0.2954,0,3,0.3143
9.561,0.2950,0,3,0.3138
9.577,0.3008,0,3,0.3132
9.592,0.3030,0,3,0.3128
9.608,0.2996,0,3,0.3122
9.624,0.2979,0,3,0.3117
9.640,0.2978,0,3,0.3112
9.655,0.3028,0,3,0.3107
9.671,0.3062,0,3,0.3102
9.685,0.3062,0,3,0.3097
9.702,0.3094,0,3,0.3092
9.717,0.3033,0,3,0.3087
9.733,0.3030,0,3,0.3082
9.749,0.2991,0,3,0.3077
9.764,0.3031,0,3,0.3072
9.781,0.2495,0,3,0.3067
9.797,0.1053,1,3,0.3062
9.813,0.1285,1,3,0.3057
9.829,0.1232,1,3,0.3052
9.844,0.1745,1,3,0.3048
9.860,0.2102,1,3,0.3043
9.874,0.2420,0,4,0.4051
9.891,0.2376,0,4,0.4044
9.906,0.2478,0,4,0.4038
9.922,0.2582,0,4,0.4032
9.938,0.2727,0,4,0.4025
9.954,0.2762,0,4,0.4018
9.969,0.2785,0,4,0.4012
9.984,0.2771,0,4,0.4006
9.999,0.2792,0,4,0.4000
10.015,0.2811,0,4,0.3994
10.030,0.2839,0,4,0.3988
10.045,0.2853,0,4,0.3982
10.060,0.2833,0,4,0.3976
10.076,0.2825,0,4,0.3970
10.091,0.2826,0,4,0.3964
10.106,0.2808,0,4,0.3958
10.123,0.2794,0,4,0.3951
10.139,0.2778,0,4,0.3945
10.155,0.2798,0,4,0.3939
10.171,0.2816,0,4,0.3933
10.186,0.2837,0,4,0.3927
10.202,0.2833,0,4,0.3921
10.217,0.2821,0,4,0.3915
10.232,0.2825,0,4,0.3909
10.248,0.2835,0,4,0.3903
10.264,0.2843,0,4,0.3897
10.280,0.2845,0,4,0.3891
10.295,0.2863,0,4,0.3885
10.311,0.2842,0,4,0.3879
10.326,0.2859,0,4,0.3874
10.342,0.2847,0,4,0.3868
10.357,0.2811,0,4,0.3862
10.373,0.2895,0,4,0.3856
10.388,0.2879,0,4,0.3851
10.404,0.2919,0,4,0.3845
10.419,0.2877,0,4,0.3839
10.435,0.2887,0,4,0.3833
10.450,0.2863,0,4,0.3828
10.465,0.2865,0,4,0.3822
10.480,0.2856,0,4,0.3817
10.496,0.2894,0,4,0.3811
10.512,0.2881,0,4,0.3805
10.528,0.2898,0,4,0.3799
10.544,0.2877,0,4,0.3794
10.560,0.2879,0,4,0.3788
10.576,0.2882,0,4,0.3782
10.591,0.2881,0,4,0.3777
10.607,0.2875,0,4,0.3771
10.622,0.2875,0,4,0.3766
10.638,0.2885,0,4,0.3760
10.654,0.2876,0,4,0.3754
10.668,0.2921,0,4,0.3749
10.684,0.2902,0,4,0.3744
10.702,0.2939,0,4,0.3738
10.718,0.2923,0,4,0.3732
10.733,0.2949,0,4,0.3727
10.749,0.2974,0,4,0.3721
10.764,0.2940,0,4,0.3716
10.780,0.2962,0,4,0.3711
10.795,0.2932,0,4,0.3705
10.811,0.2973,0,4,0.3700
10.827,0.2924,0,4,0.3694
10.843,0.2907,0,4,0.3689
10.859,0.2915,0,4,0.3684
10.874,0.2909,0,4,0.3679
10.889,0.2967,0,4,0.3673
10.904,0.3016,0,4,0.3668
10.921,0.2970,0,4,0.3663
10.936,0.2977,0,4,0.3658
10.951,0.2999,0,4,0.3653
10.966,0.3009,0,4,0.3647
10.983,0.2995,0,4,0.3642
10.998,0.2979,0,4,0.3637
11.013,0.3011,0,4,0.3632
11.029,0.2963,0,4,0.3627
11.045,0.2679,0,4,0.3622
11.060,0.2710,0,4,0.3617
11.075,0.2660,0,4,0.3612
11.090,0.2563,0,4,0.3607
11.106,0.2575,0,4,0.3602
11.121,0.2588,0,4,0.3597
11.137,0.2532,0,4,0.3592
11.153,0.2548,0,4,0.3587
11.168,0.2534,0,4,0.3582
11.185,0.2542,0,4,0.3576
11.200,0.2565,0,4,0.3571
11.216,0.2529,0,4,0.3566
11.232,0.2508,0,4,0.3561
11.247,0.2484,0,4,0.3556
11.262,0.2481,0,4,0.3552
11.278,0.2469,0,4,0.3547
11.295,0.2496,0,4,0.3541
11.312,0.2462,0,4,0.3536
11.327,0.2477,0,4,0.3531
11.343,0.2473,0,4,0.3527
11.358,0.2461,0,4,0.3522
11.375,0.2421,0,4,0.3517
11.390,0.2393,0,4,0.3512
11.406,0.2428,0,4,0.3507
11.424,0.2409,0,4,0.3501
11.441,0.2433,0,4,0.3496
11.459,0.2407,0,4,0.3491
11.478,0.2456,0,4,0.3485
11.495,0.2444,0,4,0.3480
11.511,0.2470,0,4,0.3475
11.528,0.2479,0,4,0.3470
11.544,0.2488,0,4,0.3465
11.560,0.2471,0,4,0.3460
11.576,0.2489,0,4,0.3455
11.592,0.2525,0,4,0.3451
11.608,0.2515,0,4,0.3446
11.624,0.2485,0,4,0.3441
11.641,0.2476,0,4,0.3436
11.658,0.2465,0,4,0.3431
11.674,0.2485,0,4,0.3426
11.691,0.2500,0,4,0.3421
11.708,0.2490,0,4,0.3417
11.723,0.2490,0,4,0.3412
11.739,0.2494,0,4,0.3407
11.755,0.2480,0,4,0.3403
11.771,0.2480,0,4,0.3398
11.788,0.2516,0,4,0.3393
11.807,0.2490,0,4,0.3388
11.825,0.2492,0,4,0.3383
11.842,0.2475,0,4,0.3378
11.860,0.2494,0,4,0.3373
11.878,0.2496,0,4,0.3368
11.898,0.2491,0,4,0.3362
11.915,0.2415,0,4,0.3357
11.933,0.2468,0,4,0.3352
11.950,0.2514,0,4,0.3347
11.966,0.2478,0,4,0.3343
11.982,0.2475,0,4,0.3338
11.998,0.2462,0,4,0.3334
12.014,0.2459,0,4,0.3329
12.030,0.2495,0,4,0.3325
12.046,0.2513,0,4,0.3321
12.062,0.2507,0,4,0.3316
12.078,0.2562,0,4,0.3312
12.095,0.2527,0,4,0.3307
12.111,0.2540,0,4,0.3303
12.127,0.2529,0,4,0.3299
12.143,0.2498,0,4,0.3294
12.159,0.2509,0,4,0.3290
12.177,0.2504,0,4,0.3285
12.193,0.2500,0,4,0.3280
12.210,0.2506,0,4,0.3276
12.227,0.2507,0,4,0.3271
12.243,0.2507,0,4,0.3267
12.260,0.2527,0,4,0.3263
12.277,0.2507,0,4,0.3258
12.294,0.2519,0,4,0.3254
12.310,0.2498,0,4,0.3249
12.326,0.2509,0,4,0.3245
12.342,0.2471,0,4,0.3241
12.358,0.2476,0,4,0.3237
12.374,0.2463,0,4,0.3233
12.390,0.2489,0,4,0.3229
12.406,0.2498,0,4,0.3224
12.422,0.2524,0,4,0.3220
12.438,0.2507,0,4,0.3216
12.454,0.2511,0,4,0.3212
12.469,0.2523,0,4,0.3208
12.486,0.2544,0,4,0.3204
12.502,0.2540,0,4,0.3199
12.518,0.2499,0,4,0.3195
12.533,0.2453,0,4,0.3191
12.549,0.2445,0,4,0.3187
12.564,0.2451,0,4,0.3184
12.580,0.2519,0,4,0.3180
12.596,0.2454,0,4,0.3176
12.611,0.2454,0,4,0.3172
12.627,0.2471,0,4,0.3168
12.643,0.2522,0,4,0.3164
12.662,0.2481,0,4,0.3159
12.680,0.2466,0,4,0.3155
12.696,0.2505,0,4,0.3151
12.713,0.2481,0,4,0.3146
12.729,0.2521,0,4,0.3142
12.745,0.2521,0,4,0.3138
12.761,0.2523,0,4,0.3135
12.777,0.2504,0,4,0.3131
12.794,0.2501,0,4,0.3126
12.810,0.2479,0,4,0.3122
12.826,0.2454,0,4,0.3119
12.842,0.2491,0,4,0.3115
12.860,0.2473,0,4,0.3110
12.876,0.2465,0,4,0.3107
12.892,0.2446,0,4,0.3103
12.909,0.2483,0,4,0.3099
12.925,0.2455,0,4,0.3095
12.941,0.2511,0,4,0.3091
12.956,0.2491,0,4,0.3087
12.972,0.2505,0,4,0.3084
12.988,0.2517,0,4,0.3080
13.003,0.2503,0,4,0.3076
13.021,0.2516,0,4,0.3072
13.036,0.2510,0,4,0.3068
13.053,0.2475,0,4,0.3065
13.069,0.2506,0,4,0.3061
13.085,0.2504,0,4,0.3057
13.102,0.2550,0,4,0.3053
13.118,0.2519,0,4,0.3049
13.135,0.2509,0,4,0.3045
13.152,0.2509,0,4,0.3041
13.169,0.2516,0,4,0.3037
13.185,0.1726,1,4,0.3034
13.200,0.0888,1,4,0.3030
13.216,0.1308,1,4,0.3027
13.233,0.1725,1,4,0.3023
13.249,0.1958,1,4,0.3019
13.265,0.2033,1,4,0.3015
13.283,0.2013,1,4,0.3011
13.300,0.2058,1,4,0.3008
13.317,0.2121,1,4,0.3004
13.333,0.2142,1,4,0.3000
13.351,0.2158,1,4,0.2996
13.367,0.2154,1,4,0.2992
13.382,0.2187,1,4,0.2989
13.399,0.2198,1,4,0.2985
13.415,0.2214,0,5,0.3727
13.432,0.2227,0,5,0.3722
13.448,0.2202,0,5,0.3718
13.464,0.2220,0,5,0.3714
13.482,0.2317,0,5,0.3709
13.498,0.2300,0,5,0.3704
13.514,0.2287,0,5,0.3700
13.530,0.2237,0,5,0.3695
13.546,0.2254,0,5,0.3691
13.563,0.2328,0,5,0.3687
13.579,0.2296,0,5,0.3682
13.595,0.2341,0,5,0.3678
13.611,0.2346,0,5,0.3673
13.628,0.2295,0,5,0.3669
13.644,0.2264,0,5,0.3665
13.662,0.2275,0,5,0.3660
13.678,0.2296,0,5,0.3655
13.698,0.2309,0,5,0.3650
13.716,0.2325,0,5,0.3645
13.732,0.2290,0,5,0.3641
13.747,0.2304,0,5,0.3637
13.762,0.2314,0,5,0.3633
13.780,0.2276,0,5,0.3628
13.796,0.2309,0,5,0.3624
13.812,0.2269,0,5,0.3620
13.829,0.2308,0,5,0.3616
13.848,0.2336,0,5,0.3611
13.863,0.2297,0,5,0.3607
13.880,0.2319,0,5,0.3602
13.896,0.2280,0,5,0.3598
13.912,0.2268,0,5,0.3594
13.929,0.2297,0,5,0.3590
13.944,0.2264,0,5,0.3586
13.960,0.2277,0,5,0.3582
13.976,0.2296,0,5,0.3578
13.992,0.2311,0,5,0.3574
14.007,0.2333,0,5,0.3570
14.023,0.2312,0,5,0.3566
14.038,0.2325,0,5,0.3562
14.052,0.2347,0,5,0.3558
14.068,0.2354,0,5,0.3554
14.086,0.2370,0,5,0.3550
14.101,0.2349,0,5,0.3546
14.116,0.2351,0,5,0.3542
14.132,0.2365,0,5,0.3538
14.147,0.2353,0,5,0.3534
14.162,0.2370,0,5,0.3531
14.178,0.2369,0,5,0.3527
14.193,0.2384,0,5,0.3523
14.209,0.2340,0,5,0.3519
14.224,0.2342,0,5,0.3515
14.239,0.2326,0,5,0.3511
14.255,0.2421,0,5,0.3508
14.270,0.2440,0,5,0.3504
14.285,0.2474,0,5,0.3500
14.300,0.2541,0,5,0.3497
14.315,0.2534,0,5,0.3493
14.331,0.2529,0,5,0.3489
14.346,0.2538,0,5,0.3485
14.362,0.2553,0,5,0.3481
14.377,0.2539,0,5,0.3478
14.392,0.2567,0,5,0.3474
14.407,0.2632,0,5,0.3470
14.424,0.2629,0,5,0.3467
14.440,0.2599,0,5,0.3463
14.455,0.2619,0,5,0.3459
14.472,0.2622,0,5,0.3455
14.488,0.2586,0,5,0.3451
14.504,0.2594,0,5,0.3447
14.518,0.2582,0,5,0.3444
14.534,0.2589,0,5,0.3440
14.550,0.2590,0,5,0.3436
14.565,0.2599,0,5,0.3433
14.580,0.2598,0,5,0.3429
14.597,0.2636,0,5,0.3425
14.612,0.2616,0,5,0.3422
14.628,0.2634,0,5,0.3418
14.643,0.2604,0,5,0.3415
14.659,0.2618,0,5,0.3411
14.674,0.2616,0,5,0.3407
14.689,0.2679,0,5,0.3404
14.705,0.2636,0,5,0.3400
14.720,0.2616,0,5,0.3397
14.735,0.2628,0,5,0.3393
14.750,0.2497,0,5,0.3390
14.765,0.2124,1,5,0.3386
14.781,0.2130,1,5,0.3383
14.797,0.2335,0,5,0.3379
14.812,0.2321,0,5,0.3376
14.827,0.2543,0,5,0.3372
14.842,0.2723,0,5,0.3369
14.857,0.2848,0,5,0.3365
14.873,0.2937,0,5,0.3362
14.890,0.2992,0,5,0.3358
14.905,0.2955,0,5,0.3355
14.921,0.2978,0,5,0.3351
14.937,0.2964,0,5,0.3347
14.952,0.2952,0,5,0.3344
14.967,0.2971,0,5,0.3341
14.981,0.2988,0,5,0.3337
14.997,0.3009,0,5,0.3334
15.014,0.3023,0,5,0.3330
15.029,0.3051,0,5,0.3327
15.044,0.3067,0,5,0.3324
15.059,0.3093,0,5,0.3320
15.075,0.3097,0,5,0.3317
15.091,0.3080,0,5,0.3313
15.106,0.3110,0,5,0.3310
15.123,0.3106,0,5,0.3306
15.137,0.3117,0,5,0.3303
15.152,0.3119,0,5,0.3300
15.167,0.3119,0,5,0.3297
15.184,0.3145,0,5,0.3293
15.200,0.3089,0,5,0.3289
15.215,0.3091,0,5,0.3286
15.230,0.3067,0,5,0.3283
15.246,0.3041,0,5,0.3280
15.261,0.3085,0,5,0.3276
15.277,0.3109,0,5,0.3273
15.292,0.3102,0,5,0.3270
15.307,0.3115,0,5,0.3266
15.323,0.3097,0,5,0.3263
15.339,0.3068,0,5,0.3260
15.356,0.3127,0,5,0.3256
15.372,0.3118,0,5,0.3253
15.386,0.3125,0,5,0.3250
15.402,0.3134,0,5,0.3246
15.417,0.3095,0,5,0.3243
15.434,0.3160,0,5,0.3240
15.449,0.3111,0,5,0.3237
15.464,0.3131,0,5,0.3233
15.480,0.3145,0,5,0.3230
15.495,0.3219,0,5,0.3227
15.511,0.3200,0,5,0.3224
15.526,0.3219,0,5,0.3220
15.541,0.3188,0,5,0.3217
15.557,0.3166,0,5,0.3214
15.572,0.3209,0,5,0.3211
15.587,0.3198,0,5,0.3208
15.602,0.3187,0,5,0.3205
15.617,0.3192,0,5,0.3202
15.633,0.3144,0,5,0.3198
15.648,0.3178,0,5,0.3195
15.663,0.3165,0,5,0.3192
15.678,0.3149,0,5,0.3189
15.694,0.3171,0,5,0.3186
15.709,0.3147,0,5,0.3183
15.724,0.3168,0,5,0.3180
15.740,0.3180,0,5,0.3177
15.756,0.3183,0,5,0.3173
15.772,0.3169,0,5,0.3170
15.787,0.3152,0,5,0.3167
15.803,0.3166,0,5,0.3164
15.818,0.3174,0,5,0.3161
15.834,0.3158,0,5,0.3158
15.849,0.3135,0,5,0.3155
15.865,0.3156,0,5,0.3152
15.880,0.3144,0,5,0.3149
15.897,0.3217,0,5,0.3145
15.913,0.3116,0,5,0.3142
15.930,0.3146,0,5,0.3139
15.944,0.3141,0,5,0.3136
15.960,0.3180,0,5,0.3133
15.974,0.3176,0,5,0.3130
15.990,0.3189,0,5,0.3127
16.005,0.3139,0,5,0.3124
16.019,0.3125,0,5,0.3121
16.035,0.3163,0,5,0.3118
16.050,0.3164,0,5,0.3115
16.065,0.3201,0,5,0.3112
16.079,0.3221,0,5,0.3110
16.095,0.3229,0,5,0.3107
16.111,0.3182,0,5,0.3103
16.126,0.3183,0,5,0.3101
16.142,0.3178,0,5,0.3097
16.157,0.3207,0,5,0.3095
16.173,0.3240,0,5,0.3091
16.189,0.3252,0,5,0.3089
16.205,0.3242,0,5,0.3085
16.220,0.3236,0,5,0.3083
16.235,0.3196,0,5,0.3080
16.250,0.3188,0,5,0.3077
16.266,0.3180,0,5,0.3074
16.281,0.3208,0,5,0.3071
16.299,0.3192,0,5,0.3068
16.314,0.3181,0,5,0.3065
16.329,0.3145,0,5,0.3062
16.344,0.3165,0,5,0.3059
16.359,0.3176,0,5,0.3056
16.373,0.3177,0,5,0.3054
16.389,0.3154,0,5,0.3051
16.404,0.3161,0,5,0.3048
16.420,0.3182,0,5,0.3045
16.435,0.3153,0,5,0.3042
16.450,0.3165,0,5,0.3039
16.465,0.3160,0,5,0.3037
16.481,0.3191,0,5,0.3034
16.496,0.3193,0,5,0.3031
16.512,0.3212,0,5,0.3028
16.527,0.3219,0,5,0.3025
16.542,0.3212,0,5,0.3023
16.557,0.3220,0,5,0.3020
16.572,0.3222,0,5,0.3017
16.588,0.3221,0,5,0.3014
16.603,0.3228,0,5,0.3011
16.618,0.3229,0,5,0.3009
16.634,0.3223,0,5,0.3006
16.649,0.3198,0,5,0.3003
16.664,0.2932,0,5,0.3001
16.679,0.1230,1,5,0.2998
16.694,0.1326,1,5,0.2995
16.709,0.2194,1,5,0.2992
16.724,0.2346,0,6,0.3588
16.740,0.2661,0,6,0.3584
16.755,0.2878,0,6,0.3581
16.770,0.2900,0,6,0.3578
16.786,0.2935,0,6,0.3574
16.801,0.2990,0,6,0.3571
16.817,0.3033,0,6,0.3568
16.832,0.3017,0,6,0.3565
16.848,0.3026,0,6,0.3561
16.863,0.3030,0,6,0.3558
16.879,0.3051,0,6,0.3555
16.895,0.3056,0,6,0.3551
16.911,0.3020,0,6,0.3548
16.927,0.3015,0,6,0.3545
16.942,0.3023,0,6,0.3541
16.958,0.3032,0,6,0.3538
16.973,0.3012,0,6,0.3535
16.988,0.3025,0,6,0.3532
17.004,0.2993,0,6,0.3529
17.019,0.2997,0,6,0.3525
17.035,0.2986,0,6,0.3522
17.049,0.2959,0,6,0.3519
17.065,0.2974,0,6,0.3516
17.080,0.3076,0,6,0.3513
17.095,0.3075,0,6,0.3510
17.110,0.3036,0,6,0.3507
17.126,0.3053,0,6,0.3503
17.142,0.3083,0,6,0.3500
17.158,0.3058,0,6,0.3497
17.173,0.3082,0,6,0.3494
17.189,0.3110,0,6,0.3491
17.204,0.3077,0,6,0.3488
17.220,0.3058,0,6,0.3484
17.235,0.3056,0,6,0.3481
17.251,0.3046,0,6,0.3478
17.266,0.3053,0,6,0.3475
17.282,0.3050,0,6,0.3472
17.297,0.3069,0,6,0.3469
17.312,0.3067,0,6,0.3466
17.328,0.3083,0,6,0.3463
17.343,0.3096,0,6,0.3460
17.359,0.3112,0,6,0.3456
17.375,0.3075,0,6,0.3453
17.391,0.3098,0,6,0.3450
17.407,0.3070,0,6,0.3447
17.422,0.3026,0,6,0.3444
17.438,0.3038,0,6,0.3441
17.454,0.3060,0,6,0.3438
17.470,0.3086,0,6,0.3434
17.485,0.3059,0,6,0.3431
17.501,0.3094,0,6,0.3428
17.517,0.3043,0,6,0.3425
17.532,0.3104,0,6,0.3422
17.548,0.3112,0,6,0.3419
17.564,0.3108,0,6,0.3416
17.580,0.3144,0,6,0.3413
17.595,0.3134,0,6,0.3410
17.611,0.3134,0,6,0.3407
17.626,0.3157,0,6,0.3404
17.642,0.3163,0,6,0.3401
17.658,0.3130,0,6,0.3398
17.673,0.3147,0,6,0.3395
17.689,0.3136,0,6,0.3392
17.704,0.3110,0,6,0.3389
17.721,0.3107,0,6,0.3386
17.736,0.3110,0,6,0.3383
17.751,0.3137,0,6,0.3380
17.766,0.3120,0,6,0.3377
17.781,0.3106,0,6,0.3374
17.797,0.3155,0,6,0.3371
17.812,0.3154,0,6,0.3369
17.827,0.3129,0,6,0.3366
17.843,0.3118,0,6,0.3363
17.859,0.3086,0,6,0.3360
17.875,0.3112,0,6,0.3357
17.890,0.3080,0,6,0.3354
17.906,0.3045,0,6,0.3351
17.920,0.3086,0,6,0.3348
17.936,0.3109,0,6,0.3345
17.951,0.3118,0,6,0.3342
17.967,0.3132,0,6,0.3339
17.983,0.3149,0,6,0.3337
17.998,0.3159,0,6,0.3334
18.013,0.3149,0,6,0.3331
18.030,0.3167,0,6,0.3328
18.045,0.3185,0,6,0.3325
18.060,0.3198,0,6,0.3322
18.075,0.3185,0,6,0.3320
18.091,0.3149,0,6,0.3317
18.105,0.3157,0,6,0.3314
18.121,0.3177,0,6,0.3311
18.136,0.3179,0,6,0.3308
18.152,0.3171,0,6,0.3305
18.168,0.3145,0,6,0.3302
18.183,0.3119,0,6,0.3300
18.198,0.3119,0,6,0.3297
18.215,0.3138,0,6,0.3294
18.229,0.3139,0,6,0.3291
18.245,0.3151,0,6,0.3289
18.259,0.3144,0,6,0.3286
18.275,0.3173,0,6,0.3283
18.290,0.3171,0,6,0.3281
18.306,0.3189,0,6,0.3278
18.321,0.3185,0,6,0.3275
18.337,0.3228,0,6,0.3272
18.351,0.3244,0,6,0.3270
18.367,0.3225,0,6,0.3267
18.382,0.3283,0,6,0.3264
18.398,0.3231,0,6,0.3261
18.413,0.3176,0,6,0.3259
18.428,0.3217,0,6,0.3256
18.444,0.3230,0,6,0.3253
18.460,0.3223,0,6,0.3250
18.474,0.3238,0,6,0.3248
18.490,0.3250,0,6,0.3245
18.505,0.3233,0,6,0.3242
18.519,0.3251,0,6,0.3240
18.536,0.3271,0,6,0.3237
18.552,0.3321,0,6,0.3234
18.566,0.3238,0,6,0.3232
18.583,0.3243,0,6,0.3229
18.598,0.3220,0,6,0.3226
18.614,0.3222,0,6,0.3223
18.628,0.3229,0,6,0.3221
18.645,0.3256,0,6,0.3218
18.660,0.3238,0,6,0.3215
18.676,0.3233,0,6,0.3213
18.692,0.3205,0,6,0.3210
18.707,0.3174,0,6,0.3207
18.721,0.3162,0,6,0.3205
18.736,0.3160,0,6,0.3202
18.752,0.3192,0,6,0.3200
18.768,0.3204,0,6,0.3197
18.783,0.3202,0,6,0.3194
18.799,0.3184,0,6,0.3192
18.814,0.3184,0,6,0.3189
18.830,0.3165,0,6,0.3186
18.844,0.3181,0,6,0.3184
18.860,0.3170,0,6,0.3181
18.876,0.3177,0,6,0.3179
18.892,0.2939,0,6,0.3176
18.908,0.1637,1,6,0.3173
18.923,0.1935,1,6,0.3171
18.939,0.2345,0,6,0.3168
18.954,0.2526,0,6,0.3166
18.969,0.2776,0,6,0.3163
18.984,0.2871,0,6,0.3161
18.999,0.3008,0,6,0.3158
19.015,0.3020,0,6,0.3155
19.030,0.3024,0,6,0.3153
19.046,0.3029,0,6,0.3150
19.061,0.2992,0,6,0.3148
19.076,0.3028,0,6,0.3145
19.091,0.3035,0,6,0.3143
19.107,0.3073,0,6,0.3140
19.121,0.3072,0,6,0.3138
19.137,0.3073,0,6,0.3135
19.151,0.3058,0,6,0.3133
19.168,0.3095,0,6,0.3130
19.183,0.3135,0,6,0.3128
19.198,0.3175,0,6,0.3125
19.213,0.3113,0,6,0.3123
19.230,0.3048,0,6,0.3120
19.245,0.3048,0,6,0.3118
19.261,0.3087,0,6,0.3115
19.278,0.3099,0,6,0.3112
19.292,0.3025,0,6,0.3110
19.308,0.3055,0,6,0.3107
19.324,0.3116,0,6,0.3105
19.339,0.3072,0,6,0.3103
19.354,0.3056,0,6,0.3100
19.368,0.3092,0,6,0.3098
19.383,0.3082,0,6,0.3096
19.398,0.3073,0,6,0.3093
19.414,0.3062,0,6,0.3091
19.429,0.3029,0,6,0.3088
19.444,0.3064,0,6,0.3086
19.459,0.3032,0,6,0.3083
19.476,0.3020,0,6,0.3081
19.490,0.3036,0,6,0.3078
19.507,0.2992,0,6,0.3076
19.521,0.3002,0,6,0.3074
19.536,0.2998,0,6,0.3071
19.552,0.2982,0,6,0.3069
19.568,0.3000,0,6,0.3066
19.584,0.3024,0,6,0.3064
19.600,0.2996,0,6,0.3061
19.615,0.3018,0,6,0.3059
19.630,0.3035,0,6,0.3057
19.645,0.3002,0,6,0.3054
19.660,0.3047,0,6,0.3052
19.676,0.3054,0,6,0.3049
19.692,0.3073,0,6,0.3047
19.708,0.3036,0,6,0.3045
19.724,0.3031,0,6,0.3042
19.739,0.3038,0,6,0.3040
19.754,0.3014,0,6,0.3037
19.768,0.3038,0,6,0.3035
19.784,0.3054,0,6,0.3033
19.799,0.3068,0,6,0.3030
19.815,0.3091,0,6,0.3028
19.831,0.3096,0,6,0.3026
19.847,0.3090,0,6,0.3023
19.862,0.3085,0,6,0.3021
19.878,0.3115,0,6,0.3018
19.893,0.3131,0,6,0.3016
19.909,0.3124,0,6,0.3014
19.923,0.3155,0,6,0.3012
19.938,0.3137,0,6,0.3009
19.954,0.3163,0,6,0.3007
19.970,0.3128,0,6,0.3005
19.985,0.3134,0,6,0.3002
20.000,0.3177,0,6,0.3000
20.015,0.3145,0,6,0.2998
20.032,0.3150,0,6,0.2995
20.047,0.3142,0,6,0.2993
20.062,0.3141,0,6,0.2991
20.077,0.3236,0,6,0.2988
20.094,0.3206,0,6,0.2986
20.109,0.3164,0,6,0.2984
20.124,0.3171,0,6,0.2982
20.140,0.3189,0,6,0.2979
20.154,0.3176,0,6,0.2977
20.170,0.3197,0,6,0.2975
20.186,0.3146,0,6,0.2972
20.200,0.3109,0,6,0.2970
20.216,0.3126,0,6,0.2968
20.230,0.3122,0,6,0.2966
20.245,0.3141,0,6,0.2964
20.261,0.3141,0,6,0.2961
20.277,0.3158,0,6,0.2959
20.292,0.3157,0,6,0.2957
20.308,0.3142,0,6,0.2955
20.322,0.3149,0,6,0.2952
20.338,0.3162,0,6,0.2950
20.353,0.3161,0,6,0.2948
20.368,0.3148,0,6,0.2946
20.383,0.3175,0,6,0.2944
20.399,0.3162,0,6,0.2941
20.415,0.3163,0,6,0.2939
20.432,0.3134,0,6,0.2937
20.447,0.3181,0,6,0.2934
20.463,0.3138,0,6,0.2932
20.478,0.3154,0,6,0.2930
20.494,0.3158,0,6,0.2928
20.509,0.3128,0,6,0.2926
20.525,0.3153,0,6,0.2923
20.540,0.3153,0,6,0.2921
20.556,0.3132,0,6,0.2919
20.570,0.3129,0,6,0.2917
20.587,0.3163,0,6,0.2914
20.602,0.3172,0,6,0.2912
20.617,0.3135,0,6,0.2910
20.632,0.3157,0,6,0.2908
20.648,0.3199,0,6,0.2906
20.663,0.3179,0,6,0.2904
20.679,0.3189,0,6,0.2902
20.694,0.3183,0,6,0.2899
20.710,0.3186,0,6,0.2897
20.725,0.3152,0,6,0.2895
20.741,0.3154,0,6,0.2893
20.756,0.3134,0,6,0.2891
20.771,0.3094,0,6,0.2889
20.786,0.3120,0,6,0.2887
20.801,0.3161,0,6,0.2885
20.816,0.3177,0,6,0.2882
20.831,0.3158,0,6,0.2880
20.846,0.3174,0,6,0.2878
20.862,0.3158,0,6,0.2876
20.877,0.3168,0,6,0.2874
20.892,0.3165,0,6,0.2872
20.906,0.3184,0,6,0.2870
20.921,0.3184,0,6,0.2868
20.936,0.3201,0,6,0.2866
20.951,0.3187,0,6,0.2864
20.967,0.3191,0,6,0.2862
20.983,0.3195,0,6,0.2860
20.997,0.3175,0,6,0.2857
21.013,0.3174,0,6,0.2855
21.028,0.3176,0,6,0.2853
21.044,0.3168,0,6,0.2851
21.059,0.3195,0,6,0.2849
21.076,0.3189,0,6,0.2847
21.091,0.3216,0,6,0.2845
21.107,0.3191,0,6,0.2843
21.122,0.3180,0,6,0.2841
21.139,0.3205,0,6,0.2838
21.153,0.3181,0,6,0.2836
21.168,0.3176,0,6,0.2834
21.183,0.3201,0,6,0.2832
21.199,0.3171,0,6,0.2830
21.215,0.3151,0,6,0.2828
21.231,0.3143,0,6,0.2826
21.247,0.3168,0,6,0.2824
21.262,0.3233,0,6,0.2822
21.276,0.3212,0,6,0.2820
21.292,0.3146,0,6,0.2818
21.306,0.3157,0,6,0.2816
21.321,0.3135,0,6,0.2814
21.337,0.3175,0,6,0.2812
21.354,0.3135,0,6,0.2810
21.368,0.3128,0,6,0.2808
21.384,0.3103,0,6,0.2806
21.400,0.3067,0,6,0.2804
21.416,0.3118,0,6,0.2802
21.432,0.3150,0,6,0.2800
21.447,0.3129,0,6,0.2798
21.462,0.3117,0,6,0.2796
21.479,0.3103,0,6,0.2793
21.494,0.3119,0,6,0.2791
21.509,0.3131,0,6,0.2789
21.525,0.3141,0,6,0.2787
21.541,0.3139,0,6,0.2785
21.557,0.3147,0,6,0.2783
21.572,0.3162,0,6,0.2781
21.589,0.3160,0,6,0.2779
21.604,0.3180,0,6,0.2777
21.620,0.3110,0,6,0.2775
21.635,0.3100,0,6,0.2773
21.651,0.3115,0,6,0.2771
21.666,0.3120,0,6,0.2769
21.684,0.3126,0,6,0.2767
21.699,0.3165,0,6,0.2765
21.716,0.3128,0,6,0.2763
21.732,0.3120,0,6,0.2761
21.747,0.3145,0,6,0.2759
21.763,0.3124,0,6,0.2757
21.777,0.3147,0,6,0.2755
21.793,0.3173,0,6,0.2753
21.808,0.3103,0,6,0.2751
21.823,0.3118,0,6,0.2749
21.839,0.3204,0,6,0.2747
21.854,0.3150,0,6,0.2745
21.869,0.3153,0,6,0.2744
21.885,0.3153,0,6,0.2742
21.901,0.3147,0,6,0.2740
21.917,0.3140,0,6,0.2738
21.932,0.3173,0,6,0.2736
21.948,0.3170,0,6,0.2734
21.963,0.3169,0,6,0.2732
21.979,0.3151,0,6,0.2730
21.994,0.3186,0,6,0.2728
22.010,0.3166,0,6,0.2726
22.027,0.3177,0,6,0.2724
22.046,0.3186,0,6,0.2722
22.061,0.3146,0,6,0.2720
22.076,0.3174,0,6,0.2718
22.091,0.3176,0,6,0.2716
22.107,0.3157,0,6,0.2714
22.124,0.3157,0,6,0.2712
22.139,0.3186,0,6,0.2710
22.155,0.3227,0,6,0.2708
22.171,0.3192,0,6,0.2706
22.187,0.3222,0,6,0.2704
22.203,0.3146,0,6,0.2702
22.220,0.3173,0,6,0.2700
22.236,0.3220,0,6,0.2698
22.251,0.3234,0,6,0.2696
22.267,0.3154,0,6,0.2695
22.282,0.3134,0,6,0.2693
22.298,0.3152,0,6,0.2691
22.313,0.3166,0,6,0.2689
22.329,0.3177,0,6,0.2687
22.344,0.3198,0,6,0.2685
22.359,0.3192,0,6,0.2683
22.376,0.3205,0,6,0.2681
22.392,0.3196,0,6,0.2680
22.407,0.3189,0,6,0.2678
22.423,0.3155,0,6,0.2676
22.439,0.3190,0,6,0.2674
22.455,0.3171,0,6,0.2672
22.469,0.3072,0,6,0.2670
22.485,0.1114,1,6,0.2669
22.500,0.0759,1,6,0.2667
22.515,0.1422,1,6,0.2665
22.531,0.2026,1,6,0.2663
22.548,0.2432,0,7,0.3105
22.562,0.2652,0,7,0.3102
22.579,0.2808,0,7,0.3100
22.595,0.2797,0,7,0.3098
22.611,0.2834,0,7,0.3096
22.626,0.2874,0,7,0.3094
22.642,0.2918,0,7,0.3092
22.658,0.2931,0,7,0.3089
22.674,0.2877,0,7,0.3087
22.689,0.2919,0,7,0.3085
22.705,0.2856,0,7,0.3083
22.720,0.2857,0,7,0.3081
22.736,0.2886,0,7,0.3079
22.751,0.2890,0,7,0.3077
22.766,0.2858,0,7,0.3075
22.783,0.2931,0,7,0.3073
22.798,0.2929,0,7,0.3070
22.813,0.2944,0,7,0.3068
22.828,0.2941,0,7,0.3066
22.846,0.2935,0,7,0.3064
22.862,0.2899,0,7,0.3062
22.877,0.2948,0,7,0.3060
22.892,0.2991,0,7,0.3058
22.908,0.3022,0,7,0.3056
22.924,0.3027,0,7,0.3054
22.940,0.3141,0,7,0.3051
22.955,0.3087,0,7,0.3049
22.972,0.3048,0,7,0.3047
22.988,0.3086,0,7,0.3045
23.003,0.3044,0,7,0.3043
23.018,0.3043,0,7,0.3041
23.033,0.3067,0,7,0.3039
23.049,0.3091,0,7,0.3037
23.064,0.3043,0,7,0.3035
23.080,0.3059,0,7,0.3033
23.096,0.3051,0,7,0.3031
23.112,0.3064,0,7,0.3029
23.127,0.3034,0,7,0.3027
23.143,0.3086,0,7,0.3025
23.159,0.3061,0,7,0.3023
23.174,0.3029,0,7,0.3021
23.189,0.3040,0,7,0.3019
23.204,0.3021,0,7,0.3017
23.220,0.3007,0,7,0.3015
23.237,0.2994,0,7,0.3012
23.252,0.3037,0,7,0.3010
23.268,0.3027,0,7,0.3008
23.282,0.3060,0,7,0.3007
23.299,0.3035,0,7,0.3004
23.314,0.3029,0,7,0.3002
23.329,0.3019,0,7,0.3001
23.344,0.3023,0,7,0.2999
23.359,0.2986,0,7,0.2997
23.374,0.2987,0,7,0.2995
23.390,0.3021,0,7,0.2993
23.405,0.3002,0,7,0.2991
23.421,0.2983,0,7,0.2989
23.436,0.2987,0,7,0.2987
23.451,0.2980,0,7,0.2985
23.467,0.2979,0,7,0.2983
23.482,0.2955,0,7,0.2981
23.498,0.3005,0,7,0.2979
23.514,0.3066,0,7,0.2977
23.530,0.3059,0,7,0.2975
23.545,0.3057,0,7,0.2973
23.561,0.3109,0,7,0.2971
23.576,0.3111,0,7,0.2969
23.592,0.3100,0,7,0.2967
23.606,0.3078,0,7,0.2965
23.622,0.3077,0,7,0.2963
23.636,0.3091,0,7,0.2962
23.652,0.3044,0,7,0.2960
23.667,0.3083,0,7,0.2958
23.683,0.3087,0,7,0.2956
23.699,0.3073,0,7,0.2954
23.715,0.3112,0,7,0.2952
23.731,0.3087,0,7,0.2950
23.746,0.3117,0,7,0.2948
23.760,0.3106,0,7,0.2946
23.776,0.3081,0,7,0.2944
23.792,0.3113,0,7,0.2942
23.807,0.3116,0,7,0.2940
23.823,0.3138,0,7,0.2938
23.839,0.3168,0,7,0.2936
23.855,0.3084,0,7,0.2934
23.870,0.3109,0,7,0.2933
23.885,0.3103,0,7,0.2931
23.901,0.3124,0,7,0.2929
23.917,0.3086,0,7,0.2927
23.933,0.3155,0,7,0.2925
23.949,0.3198,0,7,0.2923
23.965,0.3121,0,7,0.2921
23.981,0.3120,0,7,0.2919
23.996,0.3086,0,7,0.2917
24.012,0.3116,0,7,0.2915
24.027,0.3116,0,7,0.2913
24.043,0.3159,0,7,0.2911
24.058,0.3146,0,7,0.2910
24.074,0.3159,0,7,0.2908
24.091,0.3121,0,7,0.2906
24.106,0.3140,0,7,0.2904
24.122,0.3136,0,7,0.2902
24.138,0.3118,0,7,0.2900
24.154,0.3141,0,7,0.2898
24.170,0.3069,0,7,0.2896
24.185,0.3071,0,7,0.2894
24.200,0.3069,0,7,0.2893
24.216,0.3083,0,7,0.2891
24.231,0.3056,0,7,0.2889
24.247,0.3119,0,7,0.2887
24.264,0.3160,0,7,0.2885
24.280,0.3095,0,7,0.2883
24.295,0.3073,0,7,0.2881
24.311,0.3066,0,7,0.2879
24.327,0.3056,0,7,0.2877
24.343,0.3069,0,7,0.2876
24.357,0.3089,0,7,0.2874
24.374,0.3122,0,7,0.2872
24.390,0.3071,0,7,0.2870
24.406,0.3102,0,7,0.2868
24.421,0.3088,0,7,0.2866
24.435,0.3085,0,7,0.2865
24.453,0.3094,0,7,0.2863
24.469,0.3040,0,7,0.2861
24.485,0.3037,0,7,0.2859
24.501,0.3008,0,7,0.2857
24.516,0.3016,0,7,0.2855
24.530,0.3093,0,7,0.2854
24.546,0.3084,0,7,0.2852
24.562,0.3061,0,7,0.2850
24.578,0.3097,0,7,0.2848
24.595,0.3098,0,7,0.2846
24.610,0.3093,0,7,0.2844
24.626,0.3073,0,7,0.2842
24.641,0.3076,0,7,0.2841
24.658,0.3113,0,7,0.2839
24.673,0.3072,0,7,0.2837
24.688,0.3112,0,7,0.2835
24.703,0.3107,0,7,0.2834
24.718,0.3083,0,7,0.2832
24.734,0.3092,0,7,0.2830
24.749,0.3085,0,7,0.2828
24.765,0.3071,0,7,0.2827
24.780,0.3087,0,7,0.2825
24.796,0.3036,0,7,0.2823
24.811,0.3049,0,7,0.2821
24.827,0.3071,0,7,0.2819
24.844,0.3040,0,7,0.2818
24.859,0.3007,0,7,0.2816
24.873,0.2371,0,7,0.2814
24.890,0.2204,0,7,0.2812
24.905,0.2366,0,7,0.2811
24.921,0.2546,0,7,0.2809
24.936,0.2645,0,7,0.2807
24.951,0.2710,0,7,0.2806
24.966,0.2749,0,7,0.2804
24.981,0.2818,0,7,0.2802
24.997,0.2816,0,7,0.2800
25.012,0.2847,0,7,0.2799
25.028,0.2820,0,7,0.2797
25.044,0.2763,0,7,0.2795
25.060,0.2776,0,7,0.2793
25.075,0.2794,0,7,0.2792
25.090,0.2854,0,7,0.2790
25.106,0.2803,0,7,0.2788
25.123,0.2824,0,7,0.2786
25.140,0.2839,0,7,0.2784
25.157,0.2858,0,7,0.2783
25.174,0.2866,0,7,0.2781
25.189,0.2866,0,7,0.2779
25.205,0.2846,0,7,0.2777
25.220,0.2838,0,7,0.2776
25.235,0.2876,0,7,0.2774
25.252,0.2865,0,7,0.2772
25.267,0.2847,0,7,0.2770
25.282,0.2894,0,7,0.2769
25.297,0.2907,0,7,0.2767
25.311,0.2909,0,7,0.2766
25.327,0.2922,0,7,0.2764
25.343,0.2888,0,7,0.2762
25.358,0.2936,0,7,0.2761
25.374,0.2946,0,7,0.2759
25.389,0.2959,0,7,0.2757
25.405,0.2983,0,7,0.2755
25.419,0.2998,0,7,0.2754
25.435,0.2984,0,7,0.2752
25.451,0.2998,0,7,0.2750
25.467,0.3008,0,7,0.2749
25.482,0.3019,0,7,0.2747
25.498,0.3031,0,7,0.2745
25.514,0.3035,0,7,0.2744
25.529,0.3040,0,7,0.2742
25.546,0.3043,0,7,0.2740
25.563,0.3060,0,7,0.2738
25.578,0.3072,0,7,0.2737
25.594,0.3082,0,7,0.2735
25.611,0.3082,0,7,0.2733
25.626,0.3022,0,7,0.2732
25.642,0.3042,0,7,0.2730
25.659,0.2991,0,7,0.2728
25.675,0.2719,0,7,0.2726
25.691,0.2596,0,7,0.2725
25.707,0.2573,0,7,0.2723
25.722,0.2565,0,7,0.2721
25.737,0.2518,0,7,0.2720
25.752,0.2511,0,7,0.2718
25.769,0.2530,0,7,0.2716
25.784,0.2486,0,7,0.2715
25.801,0.2506,0,7,0.2713
25.817,0.2478,0,7,0.2711
25.832,0.2484,0,7,0.2710
25.847,0.2423,0,7,0.2708
25.863,0.2440,0,7,0.2707
25.880,0.2380,0,7,0.2705
25.895,0.2368,0,7,0.2703
25.910,0.2345,0,7,0.2702
25.926,0.2371,0,7,0.2700
25.941,0.2356,0,7,0.2698
25.957,0.2323,0,7,0.2697
25.972,0.2320,0,7,0.2695
25.988,0.2326,0,7,0.2694
26.004,0.2330,0,7,0.2692
26.021,0.2337,0,7,0.2690
26.038,0.2339,0,7,0.2688
26.052,0.2404,0,7,0.2687
26.068,0.2365,0,7,0.2685
26.083,0.2343,0,7,0.2684
26.099,0.2373,0,7,0.2682
26.115,0.2366,0,7,0.2680
26.130,0.2392,0,7,0.2679
26.145,0.2345,0,7,0.2677
26.161,0.2344,0,7,0.2676
26.177,0.2322,0,7,0.2674
26.192,0.2366,0,7,0.2673
26.207,0.2365,0,7,0.2671
26.224,0.2342,0,7,0.2669
26.239,0.2340,0,7,0.2668
26.254,0.2345,0,7,0.2666
26.270,0.2332,0,7,0.2665
26.285,0.2328,0,7,0.2663
26.299,0.2313,0,7,0.2662
26.315,0.2321,0,7,0.2660
26.330,0.2315,0,7,0.2659
26.345,0.2338,0,7,0.2657
26.362,0.2336,0,7,0.2655
26.376,0.2321,0,7,0.2654
26.391,0.2306,0,7,0.2652
26.406,0.2278,0,7,0.2651
26.422,0.2296,0,7,0.2649
26.437,0.2261,0,7,0.2648
26.452,0.2286,0,7,0.2646
26.467,0.2295,0,7,0.2645
26.483,0.2305,0,7,0.2643
26.499,0.2308,0,7,0.2642
26.515,0.2300,0,7,0.2640
26.530,0.2306,0,7,0.2639
26.545,0.2293,0,7,0.2637
26.561,0.2308,0,7,0.2635
26.576,0.2326,0,7,0.2634
26.591,0.2327,0,7,0.2632
26.607,0.2342,0,7,0.2631
26.621,0.2335,0,7,0.2629
26.637,0.2334,0,7,0.2628
26.652,0.2354,0,7,0.2626
26.667,0.2335,0,7,0.2625
26.682,0.2371,0,7,0.2624
26.697,0.2418,0,7,0.2622
26.712,0.2402,0,7,0.2621
26.727,0.2351,0,7,0.2619
26.742,0.2405,0,7,0.2618
26.758,0.2381,0,7,0.2616
26.772,0.2397,0,7,0.2615
26.789,0.2436,0,7,0.2613
26.804,0.2430,0,7,0.2612
26.820,0.2406,0,7,0.2610
26.835,0.2433,0,7,0.2608
26.851,0.2434,0,7,0.2607
26.867,0.2464,0,7,0.2605
26.882,0.2446,0,7,0.2604
26.898,0.2421,0,7,0.2602
26.914,0.2429,0,7,0.2601
26.929,0.2415,0,7,0.2599
26.945,0.2391,0,7,0.2598
26.961,0.1164,1,7,0.2596
26.977,0.1241,1,7,0.2595
26.992,0.1567,1,7,0.2593
27.007,0.1711,1,7,0.2592
27.023,0.1840,1,7,0.2590
27.038,0.1921,1,7,0.2589
27.054,0.2057,1,7,0.2587
27.069,0.2160,1,7,0.2586
27.084,0.2166,1,7,0.2585
27.101,0.2163,1,7,0.2583
27.117,0.2156,1,7,0.2581
27.133,0.2209,0,8,0.2948
27.148,0.2247,0,8,0.2947
27.162,0.2272,0,8,0.2945
27.178,0.2215,0,8,0.2944
27.193,0.2330,0,8,0.2942
27.208,0.2359,0,8,0.2940
27.224,0.2404,0,8,0.2939
27.239,0.2405,0,8,0.2937
27.255,0.2420,0,8,0.2935
27.271,0.2374,0,8,0.2934
27.286,0.2352,0,8,0.2932
27.302,0.2429,0,8,0.2930
27.319,0.2447,0,8,0.2928
27.335,0.2506,0,8,0.2927
27.350,0.2590,0,8,0.2925
27.366,0.2665,0,8,0.2923
27.381,0.2690,0,8,0.2922
27.397,0.2694,0,8,0.2920
27.412,0.2718,0,8,0.2918
27.428,0.2729,0,8,0.2917
27.443,0.2757,0,8,0.2915
27.458,0.2775,0,8,0.2914
27.474,0.2781,0,8,0.2912
27.488,0.2768,0,8,0.2910
27.504,0.2839,0,8,0.2909
27.519,0.2806,0,8,0.2907
27.535,0.2833,0,8,0.2905
27.550,0.2816,0,8,0.2904
27.566,0.2813,0,8,0.2902
27.581,0.2832,0,8,0.2901
27.597,0.2828,0,8,0.2899
27.612,0.2879,0,8,0.2897
27.628,0.2810,0,8,0.2896
27.643,0.2808,0,8,0.2894
27.659,0.2849,0,8,0.2892
27.674,0.2823,0,8,0.2891
27.689,0.2842,0,8,0.2889
27.705,0.2872,0,8,0.2888
27.721,0.2825,0,8,0.2886
27.737,0.2847,0,8,0.2884
27.753,0.2860,0,8,0.2883
27.770,0.2882,0,8,0.2881
27.786,0.2831,0,8,0.2879
27.802,0.2886,0,8,0.2877
27.818,0.2869,0,8,0.2876
27.833,0.2875,0,8,0.2874
27.849,0.2899,0,8,0.2873
27.865,0.2945,0,8,0.2871
27.880,0.2920,0,8,0.2869
27.897,0.2929,0,8,0.2868
27.912,0.2938,0,8,0.2866
27.928,0.2934,0,8,0.2864
27.944,0.2977,0,8,0.2863
27.961,0.2968,0,8,0.2861
27.977,0.3004,0,8,0.2859
27.993,0.2930,0,8,0.2858
28.008,0.2895,0,8,0.2856
28.023,0.2915,0,8,0.2855
28.040,0.2870,0,8,0.2853
28.055,0.2900,0,8,0.2851
28.071,0.2872,0,8,0.2850
28.087,0.2863,0,8,0.2848
28.104,0.3040,0,8,0.2847
28.121,0.3327,0,8,0.2845
28.137,0.3250,0,8,0.2843
28.152,0.3346,0,8,0.2842
28.168,0.3327,0,8,0.2840
28.183,0.3478,0,8,0.2839
28.199,0.3336,0,8,0.2837
28.215,0.3279,0,8,0.2835
28.231,0.3374,0,8,0.2834
28.246,0.3429,0,8,0.2832
28.261,0.3542,0,8,0.2831
28.276,0.3533,0,8,0.2829
28.291,0.3500,0,8,0.2828
28.305,0.3420,0,8,0.2826
28.321,0.3373,0,8,0.2825
28.337,0.3348,0,8,0.2823
28.352,0.3335,0,8,0.2822
28.368,0.3351,0,8,0.2820
28.385,0.3375,0,8,0.2818
28.400,0.3478,0,8,0.2817
28.416,0.3488,0,8,0.2815
28.431,0.3407,0,8,0.2814
28.447,0.3436,0,8,0.2812
28.462,0.3446,0,8,0.2811
28.479,0.3471,0,8,0.2809
28.493,0.3430,0,8,0.2808
28.510,0.3460,0,8,0.2806
28.525,0.3442,0,8,0.2805
28.541,0.3422,0,8,0.2803
28.557,0.3395,0,8,0.2801
28.573,0.3441,0,8,0.2800
28.590,0.3440,0,8,0.2798
28.606,0.3410,0,8,0.2797
28.623,0.3440,0,8,0.2795
28.638,0.3456,0,8,0.2793
28.655,0.3452,0,8,0.2792
28.669,0.3412,0,8,0.2790
28.686,0.3428,0,8,0.2789
28.701,0.3406,0,8,0.2787
28.717,0.3374,0,8,0.2786
28.732,0.3353,0,8,0.2784
28.748,0.3425,0,8,0.2783
28.764,0.3422,0,8,0.2781
28.779,0.3310,0,8,0.2780
28.794,0.3389,0,8,0.2778
28.811,0.3391,0,8,0.2777
28.825,0.3447,0,8,0.2775
28.841,0.3401,0,8,0.2774
28.857,0.3384,0,8,0.2772
28.872,0.3391,0,8,0.2771
28.887,0.3412,0,8,0.2769
28.902,0.3362,0,8,0.2768
28.918,0.3395,0,8,0.2766
28.933,0.3492,0,8,0.2765
28.949,0.3466,0,8,0.2763
28.965,0.3448,0,8,0.2762
28.981,0.3445,0,8,0.2760
28.997,0.3394,0,8,0.2759
29.012,0.3384,0,8,0.2757
29.028,0.3387,0,8,0.2756
29.044,0.3380,0,8,0.2754
29.059,0.3384,0,8,0.2753
29.074,0.3390,0,8,0.2752
29.091,0.3341,0,8,0.2750
29.107,0.3430,0,8,0.2748
29.122,0.3372,0,8,0.2747
29.139,0.3358,0,8,0.2745
29.154,0.3330,0,8,0.2744
29.170,0.3318,0,8,0.2743
29.187,0.3329,0,8,0.2741
29.203,0.3345,0,8,0.2739
29.219,0.3291,0,8,0.2738
29.235,0.3316,0,8,0.2736
29.249,0.3370,0,8,0.2735
29.265,0.3359,0,8,0.2734
29.283,0.3373,0,8,0.2732
29.298,0.3332,0,8,0.2731
29.315,0.3317,0,8,0.2729
29.331,0.3330,0,8,0.2728
29.347,0.3348,0,8,0.2726
29.363,0.3356,0,8,0.2725
29.379,0.3293,0,8,0.2723
29.394,0.3285,0,8,0.2722
29.409,0.3295,0,8,0.2720
29.424,0.3358,0,8,0.2719
29.440,0.3407,0,8,0.2717
29.455,0.3365,0,8,0.2716
29.471,0.2769,0,8,0.2715
29.488,0.1065,1,8,0.2713
29.503,0.0965,1,8,0.2712
29.518,0.1605,1,8,0.2710
29.535,0.2304,0,9,0.3047
29.551,0.2374,0,9,0.3046
29.567,0.2639,0,9,0.3044
29.584,0.2698,0,9,0.3042
29.599,0.2777,0,9,0.3041
29.615,0.2836,0,9,0.3039
29.630,0.2934,0,9,0.3037
29.646,0.3011,0,9,0.3036
29.662,0.3055,0,9,0.3034
29.676,0.3029,0,9,0.3033
29.691,0.3091,0,9,0.3031
29.708,0.3044,0,9,0.3029
29.724,0.3058,0,9,0.3028
29.739,0.3061,0,9,0.3026
29.755,0.3062,0,9,0.3025
29.770,0.3114,0,9,0.3023
29.785,0.3089,0,9,0.3022
29.801,0.3128,0,9,0.3020
29.817,0.3174,0,9,0.3018
29.834,0.3119,0,9,0.3017
29.851,0.3135,0,9,0.3015
29.867,0.3180,0,9,0.3013
29.883,0.3209,0,9,0.3012
29.899,0.3265,0,9,0.3010
29.915,0.3217,0,9,0.3009
29.931,0.3150,0,9,0.3007
29.946,0.3160,0,9,0.3005
29.962,0.3161,0,9,0.3004
29.979,0.3175,0,9,0.3002
29.996,0.3173,0,9,0.3000
30.012,0.3171,0,9,0.2999
30.028,0.3139,0,9,0.2997
30.043,0.3117,0,9,0.2996
30.058,0.3115,0,9,0.2994
30.075,0.3168,0,9,0.2993
30.091,0.3132,0,9,0.2991
30.106,0.3131,0,9,0.2989
30.123,0.3141,0,9,0.2988
30.139,0.3157,0,9,0.2986
30.156,0.3210,0,9,0.2984
30.175,0.3207,0,9,0.2983
30.192,0.3210,0,9,0.2981
30.208,0.3051,0,9,0.2979
30.223,0.2860,0,9,0.2978
30.239,0.2876,0,9,0.2976
30.256,0.3141,0,9,0.2975
30.271,0.3118,0,9,0.2973
30.287,0.3062,0,9,0.2972
30.303,0.3048,0,9,0.2970
30.319,0.3025,0,9,0.2968
30.334,0.2995,0,9,0.2967
30.350,0.3016,0,9,0.2965
30.365,0.3036,0,9,0.2964
30.382,0.3075,0,9,0.2962
30.397,0.3195,0,9,0.2961
30.414,0.3199,0,9,0.2959
30.430,0.3213,0,9,0.2958
30.446,0.3169,0,9,0.2956
30.462,0.3140,0,9,0.2954
30.480,0.3120,0,9,0.2953
30.496,0.3168,0,9,0.2951
30.512,0.3142,0,9,0.2950
30.528,0.3134,0,9,0.2948
30.542,0.3145,0,9,0.2947
30.557,0.3127,0,9,0.2945
30.572,0.3166,0,9,0.2944
30.587,0.3146,0,9,0.2942
30.604,0.3078,0,9,0.2941
30.620,0.3093,0,9,0.2939
30.635,0.3065,0,9,0.2938
30.650,0.3071,0,9,0.2936
30.666,0.3151,0,9,0.2935
30.682,0.3140,0,9,0.2933
30.698,0.3146,0,9,0.2932
30.714,0.3141,0,9,0.2930
30.729,0.3125,0,9,0.2929
30.745,0.3163,0,9,0.2927
30.761,0.3154,0,9,0.2926
30.776,0.3144,0,9,0.2924
